{
  "hyperparameters": {
    "num_train_samples": 12000,
    "encoder_name": "granite-small",
    "target_layers": [
      512,
      256,
      64
    ],
    "predictor_layers": [
      1024,
      512,
      64
    ],
    "normalize_embeddings": true,
    "concat_problem_answer": false,
    "num_epochs": 50,
    "learning_rate": 0.0001,
    "batch_size": 50,
    "device": "cuda",
    "seed": 42
  },
  "encoder_full_name": "ibm-granite/granite-embedding-small-english-r2",
  "timestamp": "20251118_065306",
  "training_logs": {
    "training_losses": [
      0.0042841222690185535,
      0.002590535096048067,
      0.002105540831204659,
      0.0018319228814410355,
      0.001650578207045328,
      0.0015211092754422377,
      0.0014174446934096827,
      0.0013340330925226832,
      0.0012601511887623928,
      0.0011994285843684338,
      0.0011416049504380983,
      0.0010915286717742372,
      0.0010464094380343643,
      0.0010048654779287365,
      0.0009664546467926509,
      0.0009314008386960874,
      0.0008984661028080155,
      0.0008678188644504795,
      0.000839222870854428,
      0.0008124848478473723,
      0.0007889865310668635,
      0.0007651435776400224,
      0.00074275751200427,
      0.0007226450269323929,
      0.0007036532976295954,
      0.0006847521782522866,
      0.0006688816072710324,
      0.0006522791991301347,
      0.0006383427004038822,
      0.0006227785592879324,
      0.0006099185397033579,
      0.0005974530552824339,
      0.0005848898705153261,
      0.0005733124902083849,
      0.000562600358777369,
      0.0005524213348204891,
      0.0005416597365789736,
      0.0005325020241192154,
      0.0005225667634173684,
      0.0005139551070897141,
      0.000506982218939811,
      0.0004976716092642164,
      0.0004897977745713433,
      0.000483157993464071,
      0.00047555433860300885,
      0.00046948812899548406,
      0.0004635806781152496,
      0.0004558784443361219,
      0.0004498113818650988,
      0.0004445463686958343
    ],
    "epoch_rewards_s1": [
      -0.562934398651123,
      -0.5908582806587219,
      -0.6116838455200195,
      -0.6146561503410339,
      -0.6182611584663391,
      -0.6192669868469238,
      -0.6127278208732605,
      -0.6279401779174805,
      -0.6320191621780396,
      -0.6330998539924622,
      -0.6378800868988037,
      -0.6324130892753601,
      -0.6466642022132874,
      -0.6401544213294983,
      -0.6523228287696838,
      -0.6629641652107239,
      -0.659757137298584,
      -0.6614527702331543,
      -0.6642285585403442,
      -0.6691080331802368,
      -0.6606587171554565,
      -0.6696128845214844,
      -0.6703315377235413,
      -0.664143979549408,
      -0.6769372224807739,
      -0.6742876768112183,
      -0.6670462489128113,
      -0.6706628203392029,
      -0.6803205013275146,
      -0.6739776730537415,
      -0.6710577011108398,
      -0.6671715378761292,
      -0.6766746640205383,
      -0.6714998483657837,
      -0.6722500324249268,
      -0.6651613712310791,
      -0.663379430770874,
      -0.6678698062896729,
      -0.6688949465751648,
      -0.6610556840896606,
      -0.6598554253578186,
      -0.6607592105865479,
      -0.661977231502533,
      -0.6607364416122437,
      -0.6519546508789062,
      -0.6478560566902161,
      -0.6572291254997253,
      -0.6548298001289368,
      -0.6553146839141846,
      -0.649154782295227
    ],
    "epoch_rewards_s3": [
      -0.5580559968948364,
      -0.5846725106239319,
      -0.587580680847168,
      -0.5715540051460266,
      -0.5600272417068481,
      -0.5434433221817017,
      -0.5324374437332153,
      -0.5267451405525208,
      -0.5064518451690674,
      -0.49470552802085876,
      -0.48474180698394775,
      -0.4694238305091858,
      -0.4669060707092285,
      -0.45612502098083496,
      -0.4432585537433624,
      -0.44066163897514343,
      -0.4337441027164459,
      -0.4269929528236389,
      -0.40805333852767944,
      -0.3954830765724182,
      -0.37648990750312805,
      -0.3731420040130615,
      -0.36985456943511963,
      -0.3522595167160034,
      -0.3484683930873871,
      -0.34276121854782104,
      -0.3260999321937561,
      -0.3069543242454529,
      -0.3120715022087097,
      -0.28814181685447693,
      -0.28431951999664307,
      -0.25902196764945984,
      -0.2589976191520691,
      -0.2458883672952652,
      -0.23339423537254333,
      -0.22988221049308777,
      -0.20661287009716034,
      -0.19371961057186127,
      -0.18912085890769958,
      -0.17717906832695007,
      -0.14771199226379395,
      -0.15061616897583008,
      -0.12651002407073975,
      -0.12937010824680328,
      -0.11530614644289017,
      -0.09062699973583221,
      -0.10023166239261627,
      -0.08472417294979095,
      -0.06603126227855682,
      -0.06741560995578766
    ],
    "epoch_rewards_rand": [
      -0.5202975273132324,
      -0.5547245144844055,
      -0.5795742273330688,
      -0.5896334648132324,
      -0.593718409538269,
      -0.6012492775917053,
      -0.612082839012146,
      -0.6168402433395386,
      -0.6100187301635742,
      -0.6224777102470398,
      -0.6339476108551025,
      -0.6258809566497803,
      -0.6404021382331848,
      -0.6391373872756958,
      -0.6482598781585693,
      -0.6528173685073853,
      -0.657709002494812,
      -0.6551548838615417,
      -0.6660467386245728,
      -0.6696970462799072,
      -0.6683785915374756,
      -0.667294979095459,
      -0.6705830097198486,
      -0.6743586659431458,
      -0.670756995677948,
      -0.6702085733413696,
      -0.6787304282188416,
      -0.66445392370224,
      -0.6752614974975586,
      -0.6625311374664307,
      -0.6695060729980469,
      -0.6723181009292603,
      -0.6707069873809814,
      -0.6677204966545105,
      -0.6683931350708008,
      -0.6635000705718994,
      -0.6580575704574585,
      -0.6557990908622742,
      -0.6642147898674011,
      -0.6554219722747803,
      -0.657742440700531,
      -0.6572827100753784,
      -0.6634860038757324,
      -0.64914870262146,
      -0.6505197286605835,
      -0.6446147561073303,
      -0.6491174697875977,
      -0.6394860148429871,
      -0.6440579891204834,
      -0.6441696882247925
    ],
    "epoch_mse_s1": [
      0.002913989359512925,
      0.002258060034364462,
      0.0019036236917600036,
      0.0016928211553022265,
      0.0015385361621156335,
      0.0014236602000892162,
      0.0013418272137641907,
      0.0012457432458177209,
      0.0011765439994633198,
      0.001120168948546052,
      0.0010655233636498451,
      0.001028635073453188,
      0.0009725885465741158,
      0.0009444774477742612,
      0.0008980147540569305,
      0.0008562309667468071,
      0.0008319446933455765,
      0.0008041546097956598,
      0.000776911445427686,
      0.000749025319237262,
      0.0007362422184087336,
      0.0007068862323649228,
      0.0006869701319374144,
      0.000674842856824398,
      0.0006451091030612588,
      0.0006312332698144019,
      0.0006224836688488722,
      0.0006041010492481291,
      0.0005809080903418362,
      0.0005731627461500466,
      0.0005628075450658798,
      0.0005538365221582353,
      0.0005333243170753121,
      0.0005264590727165341,
      0.0005147732445038855,
      0.0005103736184537411,
      0.0005016567301936448,
      0.0004879276966676116,
      0.000477542111184448,
      0.00047501837252639234,
      0.00046719337115064263,
      0.00045786326518282294,
      0.0004485695681069046,
      0.00044161523692309856,
      0.0004410603432916105,
      0.0004368828085716814,
      0.00042205132194794714,
      0.000416943192249164,
      0.00040973283466883004,
      0.000408016872825101
    ],