{
  "hyperparameters": {
    "num_train_samples": 12000,
    "encoder_name": "gte",
    "target_layers": [
      512,
      256,
      64
    ],
    "predictor_layers": [
      1024,
      512,
      64
    ],
    "normalize_embeddings": true,
    "concat_problem_answer": false,
    "num_epochs": 50,
    "learning_rate": 0.0001,
    "batch_size": 50,
    "device": "cuda",
    "seed": 42
  },
  "encoder_full_name": "Alibaba-NLP/gte-modernbert-base",
  "timestamp": "20251118_055801",
  "training_logs": {
    "training_losses": [
      0.0043724656939351314,
      0.0026493829413084314,
      0.0021541368289035743,
      0.0018755302366722996,
      0.0016874744556844234,
      0.0015524716732519058,
      0.001443544018062918,
      0.0013539181435286687,
      0.0012783372668006146,
      0.0012122551347905149,
      0.0011512415469042026,
      0.0010987906091031619,
      0.0010508283839347618,
      0.0010075017157456993,
      0.0009667378372493356,
      0.000930239326650432,
      0.0008945569662804094,
      0.000863805689975076,
      0.0008339320828478473,
      0.0008066538001003209,
      0.0007806324887496885,
      0.0007569408058770932,
      0.000735741311412615,
      0.0007152472874925783,
      0.0006943975116882939,
      0.0006753869512370632,
      0.0006599696193006821,
      0.0006430400913814083,
      0.0006271880134590902,
      0.0006136551176799306,
      0.0005995363610660812,
      0.0005853852211051466,
      0.0005737816177619,
      0.0005630392345968479,
      0.0005512008125757953,
      0.0005397421607388727,
      0.0005296670560104151,
      0.0005209355262195458,
      0.0005117562869903243,
      0.0005024263631639769,
      0.0004937701892534581,
      0.0004856790081248619,
      0.0004784760451002512,
      0.0004711749935571182,
      0.0004638295518816449,
      0.00045577472495400193,
      0.00045001066488718305,
      0.0004441428716139247,
      0.0004375276460147385,
      0.0004317101499812755
    ],
    "epoch_rewards_s1": [
      -0.5908139944076538,
      -0.6317957639694214,
      -0.65341717004776,
      -0.6660587787628174,
      -0.6648556590080261,
      -0.6694290637969971,
      -0.6663619875907898,
      -0.685958743095398,
      -0.6796426773071289,
      -0.6810824275016785,
      -0.6885641813278198,
      -0.6970904469490051,
      -0.6986401081085205,
      -0.6982302069664001,
      -0.6950700283050537,
      -0.7053545117378235,
      -0.719745397567749,
      -0.7119143605232239,
      -0.7038146257400513,
      -0.7103703022003174,
      -0.7144889831542969,
      -0.7147899270057678,
      -0.717200517654419,
      -0.7159400582313538,
      -0.7092667818069458,
      -0.7109096646308899,
      -0.7118836641311646,
      -0.6872274875640869,
      -0.7045617699623108,
      -0.6988461017608643,
      -0.7104395627975464,
      -0.7024836540222168,
      -0.7003124952316284,
      -0.696881115436554,
      -0.6976504325866699,
      -0.6944435238838196,
      -0.6894632577896118,
      -0.6886804103851318,
      -0.6899861097335815,
      -0.6807507276535034,
      -0.6899473667144775,
      -0.6821543574333191,
      -0.6756262183189392,
      -0.6816866993904114,
      -0.682505190372467,
      -0.6806555986404419,
      -0.6595460176467896,
      -0.6666399240493774,
      -0.6663205027580261,
      -0.6679723858833313
    ],
    "epoch_rewards_s3": [
      -0.5695304274559021,
      -0.5685910582542419,
      -0.5644590854644775,
      -0.5522008538246155,
      -0.5204674601554871,
      -0.5036839246749878,
      -0.48031488060951233,
      -0.4684402346611023,
      -0.4321242868900299,
      -0.42038920521736145,
      -0.40505605936050415,
      -0.3892304599285126,
      -0.36129409074783325,
      -0.3385065495967865,
      -0.3274533748626709,
      -0.31526094675064087,
      -0.31381481885910034,
      -0.2729046046733856,
      -0.24468500912189484,
      -0.23817506432533264,
      -0.21187475323677063,
      -0.19073405861854553,
      -0.19060122966766357,
      -0.15715019404888153,
      -0.13671068847179413,
      -0.11822336167097092,
      -0.09487929195165634,
      -0.07649528235197067,
      -0.05323642119765282,
      -0.0429525189101696,
      -0.02251305803656578,
      0.006024188827723265,
      0.017546851187944412,
      0.03372682258486748,
      0.04774096980690956,
      0.07287389039993286,
      0.07600967586040497,
      0.1116810217499733,
      0.12099794298410416,
      0.15156184136867523,
      0.15269683301448822,
      0.1826958805322647,
      0.19465632736682892,
      0.20161636173725128,
      0.21772195398807526,
      0.24416230618953705,
      0.2505031228065491,
      0.28861546516418457,
      0.28603315353393555,
      0.2996627688407898
    ],
    "epoch_rewards_rand": [
      -0.5624043345451355,
      -0.5639944672584534,
      -0.5918705463409424,
      -0.594063401222229,
      -0.6047322154045105,
      -0.5968287587165833,
      -0.6165500283241272,
      -0.6205433011054993,
      -0.6167017817497253,
      -0.6325334906578064,
      -0.6318095326423645,
      -0.6449114680290222,
      -0.645334005355835,
      -0.6403301954269409,
      -0.6440736055374146,
      -0.6590980291366577,
      -0.6550793051719666,
      -0.657600462436676,
      -0.6572533845901489,
      -0.6583519577980042,
      -0.6660296320915222,
      -0.6689276099205017,
      -0.6814498901367188,
      -0.6777927875518799,
      -0.6691688299179077,
      -0.6635040044784546,
      -0.6686245799064636,
      -0.6653414964675903,
      -0.6680477857589722,
      -0.663381814956665,
      -0.6712467074394226,
      -0.6618167757987976,
      -0.6596119403839111,
      -0.6505917906761169,
      -0.6578009128570557,
      -0.6648723483085632,
      -0.6517342925071716,
      -0.6595808267593384,
      -0.6577953696250916,
      -0.6493522524833679,
      -0.6441425681114197,
      -0.6506184339523315,
      -0.646875262260437,
      -0.6500953435897827,
      -0.6555209755897522,
      -0.6421294212341309,
      -0.6382896900177002,
      -0.6414503455162048,
      -0.629990816116333,
      -0.6350495219230652
    ],
    "epoch_mse_s1": [
      0.0029499386437237263,
      0.002261228859424591,
      0.0019027607049793005,
      0.0016742339357733727,
      0.001526088104583323,
      0.0014042851980775595,
      0.0013160213129594922,
      0.001212351256981492,
      0.0011555871460586786,
      0.0010969683062285185,
      0.0010373006807640195,
      0.0009821451967582107,
      0.0009399110567755997,
      0.000903562584426254,
      0.0008731986163184047,
      0.000830413366202265,
      0.0007856288575567305,
      0.0007671829662285745,
      0.0007504409295506775,
      0.0007197440718300641,
      0.0006930991658009589,
      0.0006717052310705185,
      0.0006494157132692635,
      0.0006318839732557535,
      0.0006205085664987564,
      0.0006017966661602259,
      0.000584690656978637,
      0.0005926408339291811,
      0.0005613900721073151,
      0.0005526086315512657,
      0.00052837555995211,
      0.0005227297660894692,
      0.0005122969741933048,
      0.0005035184440203011,
      0.0004913993179798126,
      0.00048322684597223997,
      0.0004769996739923954,
      0.0004674923256970942,
      0.00045655283611267805,
      0.0004550173762254417,
      0.00043800464482046664,
      0.0004357991274446249,
      0.0004327684873715043,
      0.0004194549983367324,
      0.00041082693496719003,
      0.0004046334361191839,
      0.0004144717240706086,
      0.00040140069904737175,
      0.00039461205597035587,
      0.0003864580939989537
    ],