{
  "hyperparameters": {
    "num_train_samples": 12000,
    "encoder_name": "granite",
    "target_layers": [
      512,
      256,
      64
    ],
    "predictor_layers": [
      512,
      256,
      64
    ],
    "normalize_embeddings": true,
    "concat_problem_answer": false,
    "num_epochs": 50,
    "learning_rate": 0.0001,
    "batch_size": 50,
    "device": "cuda",
    "seed": 42
  },
  "encoder_full_name": "ibm-granite/granite-embedding-english-r2",
  "timestamp": "20251118_061123",
  "training_logs": {
    "training_losses": [
      0.005228575618821197,
      0.0031685188829821223,
      0.0026175053489472097,
      0.002273684976777683,
      0.0020369767720694655,
      0.001866794691886753,
      0.0017387695387393856,
      0.0016373759441194124,
      0.0015556059918405178,
      0.0014853994269894125,
      0.0014271280296573726,
      0.0013756301147319998,
      0.001329131194506772,
      0.001288380484523562,
      0.0012504209429607728,
      0.0012183708580172,
      0.0011856666120972175,
      0.0011570712478714996,
      0.0011307906519505196,
      0.0011068142926281628,
      0.0010833804020270084,
      0.0010606934959165907,
      0.0010412356059532613,
      0.0010227060896189262,
      0.001003482264786726,
      0.000987346969001616,
      0.0009719310532091185,
      0.0009572138287088212,
      0.0009430629443765308,
      0.00092901512713676,
      0.0009170753922565685,
      0.0009034696908202022,
      0.0008920023768344739,
      0.0008810047152413365,
      0.0008709689480989861,
      0.0008603552397592769,
      0.0008504348169177926,
      0.0008422334317098527,
      0.0008329860575031489,
      0.0008239253167024193,
      0.0008156084545286528,
      0.0008074777947816377,
      0.0008001608272024896,
      0.0007924871616220723,
      0.0007859050451467435,
      0.000779203804510568,
      0.0007725614683295135,
      0.0007658658760192338,
      0.0007597571340738796,
      0.0007526264152450797
    ],
    "epoch_rewards_s1": [
      -0.5606399774551392,
      -0.5799246430397034,
      -0.6098598837852478,
      -0.6351339817047119,
      -0.6412290930747986,
      -0.6491290926933289,
      -0.6367390751838684,
      -0.631876528263092,
      -0.6338807344436646,
      -0.6358895301818848,
      -0.6258998513221741,
      -0.6202051043510437,
      -0.6219441294670105,
      -0.6139307618141174,
      -0.611400306224823,
      -0.6098334193229675,
      -0.6118775606155396,
      -0.6137924194335938,
      -0.5992614030838013,
      -0.6143532991409302,
      -0.6220206022262573,
      -0.6054699420928955,
      -0.5971254706382751,
      -0.6105162501335144,
      -0.6028968095779419,
      -0.6074751019477844,
      -0.6032812595367432,
      -0.6063812971115112,
      -0.6096768975257874,
      -0.611365556716919,
      -0.6054554581642151,
      -0.6063118577003479,
      -0.6012700796127319,
      -0.5997580885887146,
      -0.604814350605011,
      -0.6068127751350403,
      -0.6017032265663147,
      -0.5808058977127075,
      -0.6100261807441711,
      -0.5982046127319336,
      -0.5861358046531677,
      -0.5976840257644653,
      -0.6022438406944275,
      -0.5965358018875122,
      -0.5916109085083008,
      -0.5925350785255432,
      -0.5838494896888733,
      -0.6062614321708679,
      -0.600098192691803,
      -0.5840646028518677
    ],
    "epoch_rewards_s3": [
      -0.5520487427711487,
      -0.5660071969032288,
      -0.582475483417511,
      -0.5927165746688843,
      -0.596941351890564,
      -0.5922838449478149,
      -0.5734529495239258,
      -0.5621808171272278,
      -0.5618643760681152,
      -0.5508114099502563,
      -0.535671591758728,
      -0.5240944027900696,
      -0.5163652896881104,
      -0.5060663223266602,
      -0.493271142244339,
      -0.4852418303489685,
      -0.4754173457622528,
      -0.47409868240356445,
      -0.4571625888347626,
      -0.4647608697414398,
      -0.45651742815971375,
      -0.4451477825641632,
      -0.4208056926727295,
      -0.4295273423194885,
      -0.414174348115921,
      -0.4198560118675232,
      -0.39412760734558105,
      -0.39071157574653625,
      -0.37717124819755554,
      -0.379280149936676,
      -0.365721195936203,
      -0.3670867383480072,
      -0.3447567820549011,
      -0.34175193309783936,
      -0.3365158140659332,
      -0.32259660959243774,
      -0.31774628162384033,
      -0.3026460111141205,
      -0.29869604110717773,
      -0.28785061836242676,
      -0.2762947380542755,
      -0.2784010171890259,
      -0.26922160387039185,
      -0.25290369987487793,
      -0.23816564679145813,
      -0.25248053669929504,
      -0.2234717160463333,
      -0.24187541007995605,
      -0.23454369604587555,
      -0.21370114386081696
    ],
    "epoch_rewards_rand": [
      -0.6089030504226685,
      -0.6118699312210083,
      -0.633844792842865,
      -0.657185435295105,
      -0.6746229529380798,
      -0.666432797908783,
      -0.6632276177406311,
      -0.6612876653671265,
      -0.6637330651283264,
      -0.6493610739707947,
      -0.6445762515068054,
      -0.6373085975646973,
      -0.6420509219169617,
      -0.6328864693641663,
      -0.6213464736938477,
      -0.62554931640625,
      -0.6203145384788513,
      -0.6297088265419006,
      -0.6214194893836975,
      -0.6225689649581909,
      -0.6312785744667053,
      -0.6273056864738464,
      -0.6197400689125061,
      -0.6191332936286926,
      -0.623938798904419,
      -0.6074946522712708,
      -0.6172266602516174,
      -0.6178547739982605,
      -0.6172646284103394,
      -0.6205571889877319,
      -0.6115718483924866,
      -0.6083664894104004,
      -0.619615912437439,
      -0.6164745092391968,
      -0.6216539144515991,
      -0.6143437623977661,
      -0.6111559867858887,
      -0.602194607257843,
      -0.5968003869056702,
      -0.6027412414550781,
      -0.6195791959762573,
      -0.6172962784767151,
      -0.6061280369758606,
      -0.607620358467102,
      -0.5986636877059937,
      -0.601239025592804,
      -0.5935158729553223,
      -0.5944147109985352,
      -0.5956845879554749,
      -0.5947254300117493
    ],
    "epoch_mse_s1": [
      0.0035624175798147917,
      0.002790018217638135,
      0.002352318959310651,
      0.0020547336898744106,
      0.0018627512035891414,
      0.0017088012536987662,
      0.0016183634288609028,
      0.001533680479042232,
      0.0014524923171848059,
      0.0013826541835442185,
      0.001339921960607171,
      0.0012972208205610514,
      0.0012491954257711768,
      0.0012196048628538847,
      0.0011859462829306722,
      0.0011543609434738755,
      0.0011206823401153088,
      0.0010897390311583877,
      0.0010818613227456808,
      0.0010384093038737774,
      0.0010062793735414743,
      0.0010051116114482284,
      0.0009949574014171958,
      0.0009601825731806457,
      0.0009512300603091717,
      0.0009290717425756156,
      0.0009179043699987233,
      0.0008992828079499304,
      0.0008812832529656589,
      0.0008657862199470401,
      0.0008592444937676191,
      0.0008458384545519948,
      0.0008392829331569374,
      0.0008294206927530468,
      0.0008131760405376554,
      0.000800622976385057,
      0.0007957982597872615,
      0.0008073443896137178,
      0.0007684157462790608,
      0.0007713033119216561,
      0.0007745693437755108,
      0.0007547332206740975,
      0.000742194359190762,
      0.0007399285677820444,
      0.000737103633582592,
      0.0007288812776096165,
      0.0007300107972696424,
      0.0007019861368462443,
      0.0007011643028818071,
      0.0007095984765328467
    ],