{
  "hyperparameters": {
    "num_train_samples": 12000,
    "encoder_name": "granite-small",
    "target_layers": [
      128,
      64
    ],
    "predictor_layers": [
      2048,
      64
    ],
    "normalize_embeddings": true,
    "concat_problem_answer": false,
    "num_epochs": 50,
    "learning_rate": 0.0001,
    "batch_size": 50,
    "device": "cuda",
    "seed": 42
  },
  "encoder_full_name": "ibm-granite/granite-embedding-small-english-r2",
  "timestamp": "20251118_064658",
  "training_logs": {
    "training_losses": [
      0.029967668590446313,
      0.014917450056721767,
      0.011705074893931548,
      0.00992833631656443,
      0.008698781597195194,
      0.007778587052598596,
      0.0070518554343531525,
      0.006458259261368463,
      0.005959427587610359,
      0.0055312987805033725,
      0.005157261588222658,
      0.004840873983145381,
      0.004550017600801463,
      0.004292982585805779,
      0.00406621635678069,
      0.003855469312596445,
      0.0036558914046812183,
      0.0034831185524429507,
      0.0033126057668899497,
      0.003170648509209665,
      0.003033917253681769,
      0.002908690591963629,
      0.0027864891230516757,
      0.0026653066073777155,
      0.0025659826690874374,
      0.002470821346893596,
      0.002371064770462302,
      0.002287027473600271,
      0.0022004586382536216,
      0.002127121952556384,
      0.0020493261588853786,
      0.0019824018973546723,
      0.0019146494106583609,
      0.0018500372694688848,
      0.001793200636166148,
      0.0017361696188648542,
      0.0016797520676239705,
      0.0016206219486775808,
      0.0015702987361388902,
      0.0015233620099024848,
      0.0014742091540635254,
      0.0014284441072959452,
      0.001383108580679012,
      0.0013450569026948263,
      0.0013027211864634106,
      0.0012572917320843166,
      0.001216940394078847,
      0.0011788812145823613,
      0.0011451776168541982,
      0.0011063606570436
    ],
    "epoch_rewards_s1": [
      -0.7736070156097412,
      -0.6877875924110413,
      -0.6704170107841492,
      -0.6602135896682739,
      -0.6534053087234497,
      -0.6523262858390808,
      -0.6490524411201477,
      -0.6365305781364441,
      -0.6395422220230103,
      -0.6424515247344971,
      -0.6352837085723877,
      -0.6374492049217224,
      -0.6429362297058105,
      -0.6357722282409668,
      -0.643528401851654,
      -0.6372703313827515,
      -0.6404067873954773,
      -0.6376474499702454,
      -0.6246322989463806,
      -0.6267584562301636,
      -0.6312634348869324,
      -0.6227002143859863,
      -0.6255995631217957,
      -0.6206362247467041,
      -0.6174202561378479,
      -0.6202228665351868,
      -0.6155399680137634,
      -0.6042947769165039,
      -0.6092851758003235,
      -0.6040686368942261,
      -0.6104435920715332,
      -0.5956546068191528,
      -0.6026259064674377,
      -0.5926454663276672,
      -0.5913906693458557,
      -0.6009148955345154,
      -0.594916820526123,
      -0.5830337405204773,
      -0.5875732898712158,
      -0.5884486436843872,
      -0.5827364325523376,
      -0.5881654024124146,
      -0.5852929353713989,
      -0.5809444785118103,
      -0.5740010142326355,
      -0.5765477418899536,
      -0.5799996256828308,
      -0.5724993944168091,
      -0.5754834413528442,
      -0.5719491243362427
    ],
    "epoch_rewards_s3": [
      -0.7482948303222656,
      -0.6491207480430603,
      -0.6280404329299927,
      -0.6001738905906677,
      -0.5743758082389832,
      -0.5718491673469543,
      -0.5572213530540466,
      -0.5314821004867554,
      -0.534026563167572,
      -0.5237449407577515,
      -0.5127723813056946,
      -0.5031141042709351,
      -0.5005257725715637,
      -0.47915327548980713,
      -0.4879871904850006,
      -0.47397756576538086,
      -0.46885794401168823,
      -0.4550316631793976,
      -0.44618409872055054,
      -0.4350832998752594,
      -0.43767058849334717,
      -0.42848777770996094,
      -0.41966140270233154,
      -0.4192022979259491,
      -0.41120943427085876,
      -0.4052959680557251,
      -0.3978843688964844,
      -0.3846074938774109,
      -0.38143813610076904,
      -0.3764127194881439,
      -0.3743564784526825,
      -0.3646949827671051,
      -0.36500051617622375,
      -0.35535410046577454,
      -0.3547962009906769,
      -0.36233893036842346,
      -0.3450411260128021,
      -0.34390631318092346,
      -0.3444264233112335,
      -0.34107455611228943,
      -0.333535760641098,
      -0.33454546332359314,
      -0.3320733606815338,
      -0.33311527967453003,
      -0.3253813087940216,
      -0.3290441036224365,
      -0.3293171226978302,
      -0.3309933841228485,
      -0.3262137770652771,
      -0.3317095637321472
    ],
    "epoch_rewards_rand": [
      -0.7793461680412292,
      -0.6996681094169617,
      -0.6606512069702148,
      -0.6612673997879028,
      -0.6489494442939758,
      -0.6559825539588928,
      -0.6364705562591553,
      -0.6396963000297546,
      -0.6404179930686951,
      -0.6379284858703613,
      -0.6366861462593079,
      -0.6419300436973572,
      -0.6353561878204346,
      -0.6313170194625854,
      -0.6380182504653931,
      -0.6389449834823608,
      -0.6359424591064453,
      -0.632827877998352,
      -0.6252660751342773,
      -0.6308948397636414,
      -0.6326285600662231,
      -0.6309036016464233,
      -0.6289791464805603,
      -0.6217065453529358,
      -0.6178173422813416,
      -0.6192376613616943,
      -0.6227797269821167,
      -0.6105227470397949,
      -0.613532304763794,
      -0.6101860404014587,
      -0.6156290173530579,
      -0.6074185967445374,
      -0.6096463203430176,
      -0.6050209403038025,
      -0.604611873626709,
      -0.602361261844635,
      -0.5961405634880066,
      -0.5922834277153015,
      -0.5937852263450623,
      -0.5919750928878784,
      -0.5913254618644714,
      -0.5887007713317871,
      -0.5859826803207397,
      -0.5872662663459778,
      -0.5821797251701355,
      -0.5824613571166992,
      -0.582392692565918,
      -0.578895628452301,
      -0.5787986516952515,
      -0.5823970437049866
    ],
    "epoch_mse_s1": [
      0.016881082206964493,
      0.012495322152972221,
      0.01015845313668251,
      0.008726827800273895,
      0.007714373990893364,
      0.006900721695274115,
      0.006278925575315952,
      0.005861650686711073,
      0.005374424159526825,
      0.0049541424959897995,
      0.004674132913351059,
      0.004351507406681776,
      0.004034380428493023,
      0.0038502339739352465,
      0.0035671773366630077,
      0.003416077932342887,
      0.0032067461870610714,
      0.0030577206052839756,
      0.00299636903218925,
      0.0028328816406428814,
      0.002662941114977002,
      0.002595899160951376,
      0.0024548328947275877,
      0.0023753689602017403,
      0.0022900565527379513,
      0.002169952495023608,
      0.002105172025039792,
      0.0020879372023046017,
      0.0019681931007653475,
      0.0019191765459254384,
      0.001799717778339982,
      0.001817820593714714,
      0.0017021921230480075,
      0.0016948870616033673,
      0.0016363610047847033,
      0.0015154560096561909,
      0.0014910027384757996,
      0.0015030071372166276,
      0.0014196152333170176,
      0.0013602612307295203,
      0.0013410088140517473,
      0.0012592908460646868,
      0.0012270145816728473,
      0.0012046350166201591,
      0.0011979519622400403,
      0.0011393331224098802,
      0.0010773258982226253,
      0.0010768946958705783,
      0.0010202719131484628,
      0.0010001934133470058
    ],