{
  "hyperparameters": {
    "num_train_samples": 12000,
    "encoder_name": "granite-small",
    "target_layers": [
      128,
      8
    ],
    "predictor_layers": [
      128,
      8
    ],
    "normalize_embeddings": true,
    "concat_problem_answer": false,
    "num_epochs": 50,
    "learning_rate": 0.0001,
    "batch_size": 50,
    "device": "cuda",
    "seed": 42
  },
  "encoder_full_name": "ibm-granite/granite-embedding-small-english-r2",
  "timestamp": "20251118_063337",
  "training_logs": {
    "training_losses": [
      0.037523084746984146,
      0.019793778254340092,
      0.015115716382085035,
      0.012679849184739094,
      0.011168022624527414,
      0.01008975183358416,
      0.009290048126907398,
      0.008664239921684688,
      0.008145477756625042,
      0.007726457728616272,
      0.007360493574136247,
      0.007044985038616384,
      0.006771156812707583,
      0.006524103356059641,
      0.00630811351002194,
      0.006106401741271838,
      0.005924910477673014,
      0.005763445311458781,
      0.0056109749323998885,
      0.005475614006475856,
      0.005340605584206059,
      0.005218741627565275,
      0.005103193797791997,
      0.004997597797773779,
      0.004886743511694173,
      0.00479627246192346,
      0.004703820719926929,
      0.004619385983096436,
      0.004539360756947038,
      0.004468567675212398,
      0.004387405413823823,
      0.004320806173685317,
      0.004251185042085126,
      0.004190846648998559,
      0.004132982906109343,
      0.004075457248836756,
      0.004016909324370014,
      0.003966569591041965,
      0.00391522650703943,
      0.0038683832875297717,
      0.0038196967807986463,
      0.0037729230573556078,
      0.0037333398019351685,
      0.0036882418692888073,
      0.0036465469126900035,
      0.0036107816985653093,
      0.0035746221566417564,
      0.0035389405966270715,
      0.0035022256682471684,
      0.0034718156239250675
    ],
    "epoch_rewards_s1": [
      -0.49205321073532104,
      -0.5433686375617981,
      -0.5624440908432007,
      -0.5548190474510193,
      -0.5521611571311951,
      -0.5509682893753052,
      -0.5441000461578369,
      -0.539650022983551,
      -0.530898928642273,
      -0.5188727974891663,
      -0.5156869888305664,
      -0.4994283616542816,
      -0.497303307056427,
      -0.49938738346099854,
      -0.48913607001304626,
      -0.4892033040523529,
      -0.48959609866142273,
      -0.4785497188568115,
      -0.4742480218410492,
      -0.47520095109939575,
      -0.46050193905830383,
      -0.46632203459739685,
      -0.4569070637226105,
      -0.46562087535858154,
      -0.4605782628059387,
      -0.461343377828598,
      -0.4589653015136719,
      -0.4588715136051178,
      -0.4516746401786804,
      -0.4472782015800476,
      -0.4554859697818756,
      -0.44975540041923523,
      -0.4455118477344513,
      -0.44241052865982056,
      -0.4379692077636719,
      -0.444536954164505,
      -0.44649314880371094,
      -0.42943114042282104,
      -0.4324275255203247,
      -0.4361264705657959,
      -0.4447723627090454,
      -0.4404279887676239,
      -0.4441327154636383,
      -0.43697917461395264,
      -0.4355033040046692,
      -0.4397512376308441,
      -0.4343456029891968,
      -0.4326024651527405,
      -0.4386652410030365,
      -0.4296763837337494
    ],
    "epoch_rewards_s3": [
      -0.5200422406196594,
      -0.532823383808136,
      -0.5331651568412781,
      -0.5157021284103394,
      -0.5060255527496338,
      -0.5046079754829407,
      -0.4919477701187134,
      -0.4834573268890381,
      -0.4726071357727051,
      -0.46318960189819336,
      -0.4573366343975067,
      -0.44758427143096924,
      -0.44064727425575256,
      -0.4332028925418854,
      -0.4244295358657837,
      -0.42868736386299133,
      -0.42418086528778076,
      -0.4104992151260376,
      -0.39906737208366394,
      -0.39884695410728455,
      -0.38408011198043823,
      -0.38500869274139404,
      -0.37156152725219727,
      -0.3757498860359192,
      -0.37065526843070984,
      -0.3630709648132324,
      -0.36139193177223206,
      -0.3561517298221588,
      -0.3414866626262665,
      -0.347440630197525,
      -0.3455371856689453,
      -0.3413555324077606,
      -0.3345233201980591,
      -0.329000324010849,
      -0.3232192099094391,
      -0.3195270597934723,
      -0.32029616832733154,
      -0.30964693427085876,
      -0.30714765191078186,
      -0.3121979534626007,
      -0.29798439145088196,
      -0.2952406406402588,
      -0.2962229251861572,
      -0.28877726197242737,
      -0.2813947796821594,
      -0.2821381986141205,
      -0.2707017958164215,
      -0.27769705653190613,
      -0.28033447265625,
      -0.26923468708992004
    ],
    "epoch_rewards_rand": [
      -0.5302978157997131,
      -0.559071958065033,
      -0.5489597916603088,
      -0.5231733322143555,
      -0.5150062441825867,
      -0.5002723336219788,
      -0.49072980880737305,
      -0.488301157951355,
      -0.48191842436790466,
      -0.47734129428863525,
      -0.48030486702919006,
      -0.4712495803833008,
      -0.47497129440307617,
      -0.46914297342300415,
      -0.4685854911804199,
      -0.45627889037132263,
      -0.4670066237449646,
      -0.4562900960445404,
      -0.4586814045906067,
      -0.46015769243240356,
      -0.44669821858406067,
      -0.4555543065071106,
      -0.4433772563934326,
      -0.44239500164985657,
      -0.44511038064956665,
      -0.43719184398651123,
      -0.4417102038860321,
      -0.4388866722583771,
      -0.43638768792152405,
      -0.4293806254863739,
      -0.42482829093933105,
      -0.4317397177219391,
      -0.428924024105072,
      -0.42346036434173584,
      -0.42454656958580017,
      -0.42507556080818176,
      -0.43528372049331665,
      -0.4317079782485962,
      -0.42589056491851807,
      -0.4308871030807495,
      -0.4208274781703949,
      -0.4225512742996216,
      -0.4285644292831421,
      -0.4266778528690338,
      -0.4274781048297882,
      -0.4171971082687378,
      -0.4170224964618683,
      -0.427229642868042,
      -0.4289150834083557,
      -0.4216171205043793
    ],
    "epoch_mse_s1": [
      0.02479245327413082,
      0.01677004247903824,
      0.0131233436986804,
      0.01127536315470934,
      0.009951286017894745,
      0.00895695760846138,
      0.008277487941086292,
      0.007710978388786316,
      0.007311102002859116,
      0.0070316675119102,
      0.006690590642392635,
      0.006563528440892696,
      0.0062923068180680275,
      0.006002979818731546,
      0.005887486971914768,
      0.005671741906553507,
      0.005472409538924694,
      0.005416102707386017,
      0.005297341849654913,
      0.00513462396338582,
      0.00514587527140975,
      0.004952739458531141,
      0.004923458211123943,
      0.004720162600278854,
      0.004660226404666901,
      0.004549877718091011,
      0.004475328139960766,
      0.004384233150631189,
      0.00436354149132967,
      0.004320451989769936,
      0.004166874103248119,
      0.0041428543627262115,
      0.004107998684048653,
      0.004065786954015493,
      0.0040376759134233,
      0.00391800794750452,
      0.0038408872205764055,
      0.003925090655684471,
      0.00384334078989923,
      0.0037586120888590813,
      0.003636413486674428,
      0.0036215682048350573,
      0.0035440491046756506,
      0.0035542401019483805,
      0.0035206787288188934,
      0.0034442043397575617,
      0.0034439247101545334,
      0.003416461870074272,
      0.0033310274593532085,
      0.0033605771604925394
    ],