{
  "hyperparameters": {
    "num_train_samples": 12000,
    "encoder_name": "granite",
    "target_layers": [
      128,
      64
    ],
    "predictor_layers": [
      2048,
      64
    ],
    "normalize_embeddings": true,
    "concat_problem_answer": false,
    "num_epochs": 50,
    "learning_rate": 0.0001,
    "batch_size": 50,
    "device": "cuda",
    "seed": 42
  },
  "encoder_full_name": "ibm-granite/granite-embedding-english-r2",
  "timestamp": "20251118_061939",
  "training_logs": {
    "training_losses": [
      0.028354762735155723,
      0.013905964186415076,
      0.01063140935730189,
      0.008808726926023762,
      0.007566703013920536,
      0.0066521324294929705,
      0.005960510345175862,
      0.0053877997386734934,
      0.004913437257831295,
      0.004513641605929782,
      0.00417765664945667,
      0.003874618673580699,
      0.003621732052609635,
      0.0033943937848865363,
      0.003188299967829759,
      0.0029983054865927745,
      0.0028274619573494418,
      0.002681524705258198,
      0.002537936273923454,
      0.0024161307277002684,
      0.0022943650129794452,
      0.002194897387137947,
      0.0020976463745076518,
      0.0019988424741313794,
      0.001919373232522048,
      0.0018416787856646503,
      0.001766586094648422,
      0.0016954647377133369,
      0.001627312348379443,
      0.0015691126924745429,
      0.0015123100737885883,
      0.001462119066854939,
      0.0014168704554322175,
      0.0013646852098948632,
      0.0013127004140793966,
      0.0012720192443036163,
      0.0012372553557118712,
      0.001195572520858453,
      0.0011583550255939675,
      0.0011264282089541665,
      0.0011006741505601289,
      0.001058531899858887,
      0.0010278709118817157,
      0.0009986695564293767,
      0.0009869713733981673,
      0.0009452607844044299,
      0.000919955226224071,
      0.0008962509605529097,
      0.0008739065672367966,
      0.0008488353438830624
    ],
    "epoch_rewards_s1": [
      -0.7786230444908142,
      -0.7310969233512878,
      -0.7069255709648132,
      -0.6886764168739319,
      -0.676992654800415,
      -0.6743249893188477,
      -0.6620239019393921,
      -0.664746105670929,
      -0.6546757221221924,
      -0.651709258556366,
      -0.6461906433105469,
      -0.6403689384460449,
      -0.6359540224075317,
      -0.6312190890312195,
      -0.6355830430984497,
      -0.617193877696991,
      -0.6224534511566162,
      -0.6092065572738647,
      -0.6162563562393188,
      -0.6069297790527344,
      -0.5954838395118713,
      -0.5986977815628052,
      -0.590146005153656,
      -0.5915607810020447,
      -0.5845038294792175,
      -0.5815883278846741,
      -0.5787118673324585,
      -0.5712262392044067,
      -0.5697712302207947,
      -0.5721004605293274,
      -0.5688515901565552,
      -0.5597365498542786,
      -0.5578742027282715,
      -0.5516542792320251,
      -0.5524667501449585,
      -0.5483858585357666,
      -0.5468854904174805,
      -0.5450190901756287,
      -0.5431265234947205,
      -0.5341745615005493,
      -0.5295853018760681,
      -0.5342742204666138,
      -0.5277592539787292,
      -0.5252219438552856,
      -0.5244035124778748,
      -0.5161221623420715,
      -0.519182026386261,
      -0.5153865814208984,
      -0.5180993676185608,
      -0.5093932747840881
    ],
    "epoch_rewards_s3": [
      -0.7242677807807922,
      -0.6605387926101685,
      -0.6142265796661377,
      -0.5891274213790894,
      -0.5579134225845337,
      -0.5420113205909729,
      -0.52960205078125,
      -0.5326825380325317,
      -0.5030847191810608,
      -0.49101293087005615,
      -0.4803641140460968,
      -0.4642501473426819,
      -0.45216208696365356,
      -0.4497263729572296,
      -0.4394868016242981,
      -0.41176673769950867,
      -0.4151381850242615,
      -0.3995792269706726,
      -0.39355912804603577,
      -0.3777320683002472,
      -0.36910513043403625,
      -0.3665456175804138,
      -0.346951425075531,
      -0.3438580334186554,
      -0.333337664604187,
      -0.332143634557724,
      -0.31490617990493774,
      -0.31547245383262634,
      -0.3058067560195923,
      -0.30543047189712524,
      -0.30989667773246765,
      -0.28991326689720154,
      -0.28681230545043945,
      -0.26742470264434814,
      -0.2688311040401459,
      -0.27202749252319336,
      -0.267893522977829,
      -0.26299265027046204,
      -0.25152531266212463,
      -0.2490522265434265,
      -0.241352379322052,
      -0.24506092071533203,
      -0.22832134366035461,
      -0.2281470000743866,
      -0.23180560767650604,
      -0.22257858514785767,
      -0.21807296574115753,
      -0.2199174016714096,
      -0.21718844771385193,
      -0.20821373164653778
    ],
    "epoch_rewards_rand": [
      -0.7506253123283386,
      -0.7049677968025208,
      -0.68902188539505,
      -0.6760458946228027,
      -0.6741775274276733,
      -0.6746412515640259,
      -0.6697274446487427,
      -0.6612571477890015,
      -0.651500940322876,
      -0.6506494879722595,
      -0.6398403644561768,
      -0.6395115256309509,
      -0.6525386571884155,
      -0.6364449262619019,
      -0.6287923455238342,
      -0.6198839545249939,
      -0.6197478771209717,
      -0.6169768571853638,
      -0.6167944073677063,
      -0.6104287505149841,
      -0.6022514700889587,
      -0.596400260925293,
      -0.5964905023574829,
      -0.5978876352310181,
      -0.592860996723175,
      -0.5813567042350769,
      -0.587062418460846,
      -0.5698849558830261,
      -0.5714405179023743,
      -0.5706673860549927,
      -0.5720707774162292,
      -0.5616402626037598,
      -0.5623500943183899,
      -0.5587632060050964,
      -0.555591881275177,
      -0.5492178797721863,
      -0.5422846078872681,
      -0.5431772470474243,
      -0.5432512760162354,
      -0.5349949598312378,
      -0.5354330539703369,
      -0.5342040657997131,
      -0.5307230353355408,
      -0.5228015184402466,
      -0.5225467085838318,
      -0.5186452865600586,
      -0.5221381783485413,
      -0.5149422287940979,
      -0.517472505569458,
      -0.5120277404785156
    ],
    "epoch_mse_s1": [
      0.01514363568276167,
      0.010668756440281868,
      0.008577483706176281,
      0.007304183207452297,
      0.006377588491886854,
      0.0056026349775493145,
      0.005092604085803032,
      0.004543935414403677,
      0.004199464805424213,
      0.003849345026537776,
      0.0035707037895917892,
      0.0033312898594886065,
      0.0031115002930164337,
      0.002920083934441209,
      0.0026784338988363743,
      0.0026320242322981358,
      0.002418459625914693,
      0.0023582614958286285,
      0.0021596753504127264,
      0.002091360976919532,
      0.002045400906354189,
      0.0019051339477300644,
      0.0018537737196311355,
      0.0017407459672540426,
      0.0016909296391531825,
      0.0016188914887607098,
      0.0015515084378421307,
      0.0015178702306002378,
      0.0014496230287477374,
      0.001362030627205968,
      0.0013129281578585505,
      0.0013027334352955222,
      0.0012513421243056655,
      0.0012285294942557812,
      0.0011662582401186228,
      0.001135350437834859,
      0.0010918411426246166,
      0.0010525085963308811,
      0.0010153161128982902,
      0.0010196436196565628,
      0.0010010360274463892,
      0.0009324350976385176,
      0.0009271292365156114,
      0.0009013321832753718,
      0.0008680877508595586,
      0.000875505618751049,
      0.0008237491128966212,
      0.0008094824734143913,
      0.0007623629062436521,
      0.0007754681864753366
    ],