{
  "hyperparameters": {
    "num_train_samples": 12000,
    "encoder_name": "granite-small",
    "target_layers": [
      256,
      64
    ],
    "predictor_layers": [
      1024,
      64
    ],
    "normalize_embeddings": true,
    "concat_problem_answer": false,
    "num_epochs": 50,
    "learning_rate": 0.0001,
    "batch_size": 50,
    "device": "cuda",
    "seed": 42
  },
  "encoder_full_name": "ibm-granite/granite-embedding-small-english-r2",
  "timestamp": "20251118_064417",
  "training_logs": {
    "training_losses": [
      0.03611528945621103,
      0.01798688412721579,
      0.013863202673383057,
      0.011765565866759668,
      0.010427349041371296,
      0.009463106146237502,
      0.008730204680856939,
      0.008130268729291856,
      0.007641323455997432,
      0.007225038345980769,
      0.00686512057048579,
      0.006551595569665854,
      0.006269815789225201,
      0.006026601005578414,
      0.00580462731498604,
      0.0055954077552693585,
      0.005407090731508409,
      0.005233434973827874,
      0.005077951207446555,
      0.0049302290077321235,
      0.004796168875570098,
      0.004666248384940748,
      0.00454745174307997,
      0.004439578054007143,
      0.004329288265823076,
      0.004234863153154341,
      0.004143002054964502,
      0.004049692355329171,
      0.003967486880719661,
      0.00388998423392574,
      0.003812331458902918,
      0.003743300912901759,
      0.003676390942806999,
      0.003611529244032378,
      0.003549972387069526,
      0.003490111267698618,
      0.0034312670769092316,
      0.0033775408228393644,
      0.003329982511543979,
      0.0032742785862258945,
      0.003224676114041358,
      0.003183251681427161,
      0.0031355503509985284,
      0.0030930738042419157,
      0.003047752337685476,
      0.003008054289966822,
      0.0029716187292554725,
      0.0029331050289329143,
      0.002896573708858341,
      0.0028564402862684803
    ],
    "epoch_rewards_s1": [
      -0.75767982006073,
      -0.709517776966095,
      -0.6678045392036438,
      -0.645463764667511,
      -0.6277939677238464,
      -0.6145442128181458,
      -0.6078736782073975,
      -0.5966500639915466,
      -0.5910617709159851,
      -0.5877475142478943,
      -0.5823306441307068,
      -0.580622136592865,
      -0.5780017971992493,
      -0.5725106000900269,
      -0.5693820118904114,
      -0.566373348236084,
      -0.5692840814590454,
      -0.5648487210273743,
      -0.5600461959838867,
      -0.564393937587738,
      -0.556341290473938,
      -0.5587375164031982,
      -0.5506249666213989,
      -0.5539112687110901,
      -0.5583517551422119,
      -0.5564917922019958,
      -0.5532861948013306,
      -0.5542387962341309,
      -0.5578938722610474,
      -0.5575670003890991,
      -0.5573294758796692,
      -0.5546420812606812,
      -0.5547305345535278,
      -0.5526688694953918,
      -0.5538202524185181,
      -0.5541636347770691,
      -0.5508110523223877,
      -0.5509359836578369,
      -0.5467438101768494,
      -0.5502028465270996,
      -0.5454638004302979,
      -0.5461696982383728,
      -0.5472387075424194,
      -0.5464267134666443,
      -0.545712411403656,
      -0.5453236103057861,
      -0.5456871390342712,
      -0.5419487953186035,
      -0.5404932498931885,
      -0.5401169657707214
    ],
    "epoch_rewards_s3": [
      -0.7418177723884583,
      -0.6825494170188904,
      -0.638327956199646,
      -0.6074225306510925,
      -0.5860397815704346,
      -0.5675562024116516,
      -0.5496870875358582,
      -0.5370721817016602,
      -0.5271084308624268,
      -0.5192315578460693,
      -0.5107162594795227,
      -0.5017194747924805,
      -0.49681639671325684,
      -0.48775801062583923,
      -0.47969573736190796,
      -0.477313369512558,
      -0.4747315049171448,
      -0.46463632583618164,
      -0.45394864678382874,
      -0.4556932747364044,
      -0.4440601170063019,
      -0.44698020815849304,
      -0.4361625611782074,
      -0.4346601366996765,
      -0.43082618713378906,
      -0.4258246421813965,
      -0.42131736874580383,
      -0.41113394498825073,
      -0.41405269503593445,
      -0.40673041343688965,
      -0.4042297899723053,
      -0.3969614803791046,
      -0.3962060213088989,
      -0.3917624056339264,
      -0.39104315638542175,
      -0.38447993993759155,
      -0.38371536135673523,
      -0.376840204000473,
      -0.36933737993240356,
      -0.37047868967056274,
      -0.35958433151245117,
      -0.35740458965301514,
      -0.35568204522132874,
      -0.3542485237121582,
      -0.3520037829875946,
      -0.34535959362983704,
      -0.3476991057395935,
      -0.3434906303882599,
      -0.33884772658348083,
      -0.34135007858276367
    ],
    "epoch_rewards_rand": [
      -0.7817061543464661,
      -0.7281714677810669,
      -0.6871888637542725,
      -0.6636734008789062,
      -0.6441914439201355,
      -0.6232613325119019,
      -0.618081271648407,
      -0.6169164180755615,
      -0.5999135971069336,
      -0.5995708107948303,
      -0.5986979007720947,
      -0.5921857953071594,
      -0.5848174691200256,
      -0.5848992466926575,
      -0.5812954306602478,
      -0.5770151615142822,
      -0.585189163684845,
      -0.5713204741477966,
      -0.5768399834632874,
      -0.5709471106529236,
      -0.5643371343612671,
      -0.5736803412437439,
      -0.5614051222801208,
      -0.5623319745063782,
      -0.561805009841919,
      -0.5593193173408508,
      -0.558148205280304,
      -0.5579259395599365,
      -0.557810366153717,
      -0.558153510093689,
      -0.5554822683334351,
      -0.5443635582923889,
      -0.5581873059272766,
      -0.5466985702514648,
      -0.5547657012939453,
      -0.5532813668251038,
      -0.552827775478363,
      -0.5476095080375671,
      -0.5436813831329346,
      -0.5479921102523804,
      -0.5430688261985779,
      -0.5440019369125366,
      -0.5418927669525146,
      -0.5402939319610596,
      -0.5455957055091858,
      -0.5418415665626526,
      -0.5455932021141052,
      -0.5382394790649414,
      -0.5395070314407349,
      -0.5408137440681458
    ],
    "epoch_mse_s1": [
      0.02148626558482647,
      0.015119776129722595,
      0.012479913420975208,
      0.010828995145857334,
      0.009722491726279259,
      0.008897212333977222,
      0.008205805905163288,
      0.007711866870522499,
      0.007255346514284611,
      0.006851252168416977,
      0.006528645753860474,
      0.006214303895831108,
      0.005946803372353315,
      0.0057381135411560535,
      0.005531628150492907,
      0.005344728007912636,
      0.00512256845831871,
      0.004982281476259232,
      0.004858151078224182,
      0.004667338449507952,
      0.0045923348516225815,
      0.004438957665115595,
      0.004379862919449806,
      0.004236041102558374,
      0.004090667702257633,
      0.004001645836979151,
      0.003928345162421465,
      0.0038280352018773556,
      0.003712665755301714,
      0.003631794126704335,
      0.0035541688557714224,
      0.0034979982301592827,
      0.00342515273950994,
      0.003370716003701091,
      0.0032965976279228926,
      0.0032309899106621742,
      0.003193244803696871,
      0.0031339838169515133,
      0.003106154501438141,
      0.003028917359188199,
      0.003008099738508463,
      0.002953238319605589,
      0.0028978160116821527,
      0.0028563151136040688,
      0.0028156000189483166,
      0.002774306572973728,
      0.0027297649066895247,
      0.0027121263556182384,
      0.002681334502995014,
      0.0026449072174727917
    ],