{
  "hyperparameters": {
    "num_train_samples": 12000,
    "encoder_name": "granite-small",
    "target_layers": [
      256,
      64
    ],
    "predictor_layers": [
      256,
      64
    ],
    "normalize_embeddings": true,
    "concat_problem_answer": false,
    "num_epochs": 50,
    "learning_rate": 0.0001,
    "batch_size": 50,
    "device": "cuda",
    "seed": 42
  },
  "encoder_full_name": "ibm-granite/granite-embedding-small-english-r2",
  "timestamp": "20251118_063119",
  "training_logs": {
    "training_losses": [
      0.048186507215723394,
      0.026502135776293775,
      0.02044791152390341,
      0.017187264650904883,
      0.015087061103743811,
      0.013605437742080539,
      0.012507211001745115,
      0.011655799811705947,
      0.010978377160305778,
      0.010432322265114636,
      0.009976729292732973,
      0.009590343482947598,
      0.009264940989669412,
      0.00897954055884232,
      0.008731020820171883,
      0.008512174935700993,
      0.008318424550816416,
      0.008141600788803771,
      0.007982602230428407,
      0.007835459319176152,
      0.00770406769006513,
      0.007582596101565286,
      0.007469349003319318,
      0.007365713404336323,
      0.007269577526797851,
      0.007173280675973123,
      0.00708946892991662,
      0.007007715825845177,
      0.00692890640348196,
      0.006856988915630306,
      0.006789944233605638,
      0.0067244145514753955,
      0.006662248379628485,
      0.006602642260259017,
      0.006546108750626445,
      0.0064932520443107935,
      0.006437784078298136,
      0.006391689773105706,
      0.006340282080539813,
      0.006294605578295887,
      0.006251083818885187,
      0.0062063676227505,
      0.006165677037400504,
      0.006126462844743704,
      0.0060844749794341626,
      0.00605024989345111,
      0.00601292266510427,
      0.005977106008989115,
      0.0059414357567826905,
      0.005908522477451091
    ],
    "epoch_rewards_s1": [
      -0.7706127762794495,
      -0.741227924823761,
      -0.7130078077316284,
      -0.6875806450843811,
      -0.665729284286499,
      -0.6480692625045776,
      -0.6343426704406738,
      -0.6147251129150391,
      -0.6053913831710815,
      -0.5936153531074524,
      -0.5857017040252686,
      -0.574351966381073,
      -0.5668375492095947,
      -0.55941241979599,
      -0.547497034072876,
      -0.5391035079956055,
      -0.5300520062446594,
      -0.5249055027961731,
      -0.5232957005500793,
      -0.5157520771026611,
      -0.5074587464332581,
      -0.5043622255325317,
      -0.5035805106163025,
      -0.4932863414287567,
      -0.49555620551109314,
      -0.49481046199798584,
      -0.4848024249076843,
      -0.4858502149581909,
      -0.47927331924438477,
      -0.478657990694046,
      -0.4756541848182678,
      -0.4753594994544983,
      -0.4718605577945709,
      -0.47259414196014404,
      -0.4644203186035156,
      -0.4667402505874634,
      -0.4636804759502411,
      -0.46313658356666565,
      -0.4596739709377289,
      -0.4624654948711395,
      -0.4600614011287689,
      -0.45548075437545776,
      -0.46028730273246765,
      -0.45738473534584045,
      -0.45780760049819946,
      -0.45310178399086,
      -0.451528400182724,
      -0.45181334018707275,
      -0.4493043124675751,
      -0.451476514339447
    ],
    "epoch_rewards_s3": [
      -0.7717466354370117,
      -0.7557366490364075,
      -0.7235710620880127,
      -0.6974139213562012,
      -0.6749011278152466,
      -0.6539911031723022,
      -0.6366989016532898,
      -0.615218997001648,
      -0.6006671190261841,
      -0.5843124389648438,
      -0.574143648147583,
      -0.5614526271820068,
      -0.5494785308837891,
      -0.5386413931846619,
      -0.5276811718940735,
      -0.5163589715957642,
      -0.5082522630691528,
      -0.4981081187725067,
      -0.4974897801876068,
      -0.4884272515773773,
      -0.4784131944179535,
      -0.4746779799461365,
      -0.4726463854312897,
      -0.4622698724269867,
      -0.4609166085720062,
      -0.4598516821861267,
      -0.4504994750022888,
      -0.4493153691291809,
      -0.44241923093795776,
      -0.43486082553863525,
      -0.43126383423805237,
      -0.4278085231781006,
      -0.42776259779930115,
      -0.42176684737205505,
      -0.4144025444984436,
      -0.4147558808326721,
      -0.41131269931793213,
      -0.4106716811656952,
      -0.40575918555259705,
      -0.40623748302459717,
      -0.39983871579170227,
      -0.3935006558895111,
      -0.39456960558891296,
      -0.3923903703689575,
      -0.3902168273925781,
      -0.3840288519859314,
      -0.38026031851768494,
      -0.38335922360420227,
      -0.37832266092300415,
      -0.37490755319595337
    ],
    "epoch_rewards_rand": [
      -0.7756119966506958,
      -0.7529414296150208,
      -0.7268603444099426,
      -0.7068189978599548,
      -0.6866594552993774,
      -0.6745939254760742,
      -0.6592738032341003,
      -0.6442034840583801,
      -0.6352044343948364,
      -0.624943196773529,
      -0.6148819327354431,
      -0.6028980612754822,
      -0.5948054194450378,
      -0.5883530378341675,
      -0.5791625380516052,
      -0.57475346326828,
      -0.5620231628417969,
      -0.5604719519615173,
      -0.5524712800979614,
      -0.5530802011489868,
      -0.5455127358436584,
      -0.54202800989151,
      -0.5318320989608765,
      -0.529825747013092,
      -0.5251097083091736,
      -0.5248731374740601,
      -0.5191630721092224,
      -0.5124098658561707,
      -0.5082858204841614,
      -0.5075600147247314,
      -0.5025749206542969,
      -0.49744856357574463,
      -0.4905630350112915,
      -0.49195459485054016,
      -0.49186232686042786,
      -0.4888801574707031,
      -0.48201510310173035,
      -0.47879907488822937,
      -0.4848231077194214,
      -0.47899124026298523,
      -0.47837454080581665,
      -0.47550535202026367,
      -0.4751426577568054,
      -0.4745054543018341,
      -0.47213709354400635,
      -0.46830424666404724,
      -0.4699452519416809,
      -0.4670843482017517,
      -0.46310049295425415,
      -0.46462926268577576
    ],
    "epoch_mse_s1": [
      0.03187558427453041,
      0.02303462289273739,
      0.01887778751552105,
      0.016394922509789467,
      0.014709272421896458,
      0.013456899672746658,
      0.012469475157558918,
      0.011791336350142956,
      0.011125135235488415,
      0.010616005398333073,
      0.010148636996746063,
      0.00980011373758316,
      0.009461473673582077,
      0.00917032454162836,
      0.008973164483904839,
      0.008765729144215584,
      0.008593573234975338,
      0.00840017106384039,
      0.00818859227001667,
      0.008061249740421772,
      0.007956930436193943,
      0.007810361683368683,
      0.007652395870536566,
      0.007604100741446018,
      0.0074366116896271706,
      0.007309409324079752,
      0.007282162085175514,
      0.007152745500206947,
      0.007103941403329372,
      0.007003618869930506,
      0.0069316113367676735,
      0.0068393247202038765,
      0.006781397387385368,
      0.006689002737402916,
      0.006680974271148443,
      0.006582222878932953,
      0.006534740794450045,
      0.00646835844963789,
      0.006430106237530708,
      0.006340826395899057,
      0.006298762280493975,
      0.006277097389101982,
      0.006179147865623236,
      0.006147712469100952,
      0.006090720649808645,
      0.006077460013329983,
      0.006040239240974188,
      0.0059897517785429955,
      0.0059630670584738255,
      0.005900891963392496
    ],