{
  "hyperparameters": {
    "num_train_samples": 12000,
    "encoder_name": "gte",
    "target_layers": [
      256,
      64
    ],
    "predictor_layers": [
      1024,
      64
    ],
    "normalize_embeddings": true,
    "concat_problem_answer": false,
    "num_epochs": 50,
    "learning_rate": 0.0001,
    "batch_size": 50,
    "device": "cuda",
    "seed": 42
  },
  "encoder_full_name": "Alibaba-NLP/gte-modernbert-base",
  "timestamp": "20251118_054858",
  "training_logs": {
    "training_losses": [
      0.03275638112487892,
      0.01672615687906121,
      0.013136815493150303,
      0.011192909620391826,
      0.009900090567922841,
      0.008967961355422934,
      0.008237660489976406,
      0.007649690066076195,
      0.007168888890494903,
      0.006763313258610045,
      0.006409588735550642,
      0.006101225572638214,
      0.005828183284029365,
      0.0055847470687391855,
      0.005364122123379881,
      0.005164692754624412,
      0.0049785435645996285,
      0.004816338352005308,
      0.004661587649025023,
      0.004511661495780572,
      0.004383616738293009,
      0.004261170476092957,
      0.004145152029620173,
      0.0040394036254535115,
      0.003936870148754679,
      0.00384005762268013,
      0.0037465224595507607,
      0.0036613658089966823,
      0.003584631376240092,
      0.0035089887814441076,
      0.003437942176242359,
      0.0033665016021889945,
      0.003302233828192887,
      0.003237506242779394,
      0.0031742091523483396,
      0.003116542374482378,
      0.00305779900518246,
      0.0030075119818017506,
      0.0029525852800967793,
      0.00291095033462625,
      0.002856902685986521,
      0.0028083704159750293,
      0.00276786938678318,
      0.002724769049867367,
      0.002682273589501468,
      0.002641670286539011,
      0.0025984476776405546,
      0.0025645972394462055,
      0.0025260582682676614,
      0.002488123271420288
    ],
    "epoch_rewards_s1": [
      -0.740110456943512,
      -0.6897129416465759,
      -0.6637150645256042,
      -0.6450818777084351,
      -0.6328259706497192,
      -0.6353102922439575,
      -0.6276318430900574,
      -0.6291173696517944,
      -0.6198453307151794,
      -0.6219199299812317,
      -0.6244295835494995,
      -0.616715669631958,
      -0.6084909439086914,
      -0.6096202731132507,
      -0.614385187625885,
      -0.6111758947372437,
      -0.5977980494499207,
      -0.5995067954063416,
      -0.607235848903656,
      -0.5999051332473755,
      -0.6013647317886353,
      -0.5970234274864197,
      -0.5991615056991577,
      -0.6037594676017761,
      -0.5934103727340698,
      -0.5905998945236206,
      -0.5959458351135254,
      -0.5994822382926941,
      -0.590380072593689,
      -0.5988081097602844,
      -0.5937153100967407,
      -0.581539511680603,
      -0.5942250490188599,
      -0.5815659761428833,
      -0.5920649766921997,
      -0.5850429534912109,
      -0.5894244313240051,
      -0.5837110280990601,
      -0.5792675018310547,
      -0.576914370059967,
      -0.5844208598136902,
      -0.580751359462738,
      -0.5817053318023682,
      -0.576775074005127,
      -0.574319064617157,
      -0.572083055973053,
      -0.5706910490989685,
      -0.5629638433456421,
      -0.5639616250991821,
      -0.5657040476799011
    ],
    "epoch_rewards_s3": [
      -0.7239698767662048,
      -0.6555143594741821,
      -0.6119508743286133,
      -0.5807866454124451,
      -0.5548232793807983,
      -0.5382518172264099,
      -0.5219839215278625,
      -0.5046079158782959,
      -0.486012727022171,
      -0.4737636148929596,
      -0.4562041759490967,
      -0.44354602694511414,
      -0.431232213973999,
      -0.42167234420776367,
      -0.4153989553451538,
      -0.4116962254047394,
      -0.3878472149372101,
      -0.3765907883644104,
      -0.3729032874107361,
      -0.3612535893917084,
      -0.3491919934749603,
      -0.3544856309890747,
      -0.3383859097957611,
      -0.32876959443092346,
      -0.3250472843647003,
      -0.31232529878616333,
      -0.3111647665500641,
      -0.30460065603256226,
      -0.2946642339229584,
      -0.2961583733558655,
      -0.28105756640434265,
      -0.2690906226634979,
      -0.2744085490703583,
      -0.2647222876548767,
      -0.26304787397384644,
      -0.2544654309749603,
      -0.25151753425598145,
      -0.24549812078475952,
      -0.24888652563095093,
      -0.2301889806985855,
      -0.22562578320503235,
      -0.22387024760246277,
      -0.22520950436592102,
      -0.21904130280017853,
      -0.20756159722805023,
      -0.21167755126953125,
      -0.1990206092596054,
      -0.1865660846233368,
      -0.18732494115829468,
      -0.18304245173931122
    ],
    "epoch_rewards_rand": [
      -0.7821400165557861,
      -0.7241710424423218,
      -0.6984457969665527,
      -0.6797897219657898,
      -0.6702191829681396,
      -0.648895263671875,
      -0.6459068059921265,
      -0.6416033506393433,
      -0.6345618963241577,
      -0.6280735731124878,
      -0.6234149932861328,
      -0.6272153854370117,
      -0.6180163621902466,
      -0.6133783459663391,
      -0.6092371344566345,
      -0.6090223789215088,
      -0.6014439463615417,
      -0.6101664304733276,
      -0.6052168607711792,
      -0.5956062078475952,
      -0.5988212823867798,
      -0.5914866328239441,
      -0.594387412071228,
      -0.5910402536392212,
      -0.5906519293785095,
      -0.585626482963562,
      -0.5825844407081604,
      -0.5780559182167053,
      -0.5795934796333313,
      -0.571110188961029,
      -0.5780395865440369,
      -0.5747550129890442,
      -0.5786182880401611,
      -0.5733103156089783,
      -0.5716350674629211,
      -0.5710462927818298,
      -0.557472288608551,
      -0.5711655020713806,
      -0.5692378282546997,
      -0.5661217570304871,
      -0.5658259987831116,
      -0.5666553974151611,
      -0.5630171895027161,
      -0.5690304636955261,
      -0.5587965250015259,
      -0.5548333525657654,
      -0.5603893399238586,
      -0.5581509470939636,
      -0.559642493724823,
      -0.5568349957466125
    ],
    "epoch_mse_s1": [
      0.019263794645667076,
      0.014032325707376003,
      0.011614030227065086,
      0.010152003727853298,
      0.009110946208238602,
      0.008191084489226341,
      0.0075772530399262905,
      0.00699187396094203,
      0.00661181565374136,
      0.0061866603791713715,
      0.005813558120280504,
      0.005579286254942417,
      0.005380946211516857,
      0.005126246251165867,
      0.004865008406341076,
      0.0046926988288760185,
      0.004619835410267115,
      0.004436757881194353,
      0.004219678696244955,
      0.004132796544581652,
      0.003987282048910856,
      0.0038948976434767246,
      0.0037615203764289618,
      0.0036180280148983,
      0.003589691361412406,
      0.0035115741193294525,
      0.003380934474989772,
      0.003268756903707981,
      0.003248458495363593,
      0.0031121813226491213,
      0.003071628976613283,
      0.0030806642025709152,
      0.0029284129850566387,
      0.0029452431481331587,
      0.0028144503012299538,
      0.002799039473757148,
      0.0027133123949170113,
      0.002693489193916321,
      0.002667208667844534,
      0.002629912458360195,
      0.00253417924977839,
      0.002508253790438175,
      0.0024561539757996798,
      0.0024405992589890957,
      0.0024115177802741528,
      0.002382345497608185,
      0.002349326852709055,
      0.002353982301428914,
      0.0023094057105481625,
      0.002261808840557933
    ],