{
  "hyperparameters": {
    "num_train_samples": 12000,
    "encoder_name": "gte",
    "target_layers": [
      512,
      256,
      64
    ],
    "predictor_layers": [
      512,
      256,
      64
    ],
    "normalize_embeddings": true,
    "concat_problem_answer": false,
    "num_epochs": 50,
    "learning_rate": 0.0001,
    "batch_size": 50,
    "device": "cuda",
    "seed": 42
  },
  "encoder_full_name": "Alibaba-NLP/gte-modernbert-base",
  "timestamp": "20251118_054334",
  "training_logs": {
    "training_losses": [
      0.005290424372651615,
      0.003219977098827561,
      0.0026636859072217095,
      0.002323068687110208,
      0.0020939540020966283,
      0.001929985672662345,
      0.001806911966317178,
      0.0017103138297291784,
      0.0016318758110476967,
      0.0015654333357815631,
      0.001510063954629004,
      0.0014605859789298848,
      0.0014167261664018345,
      0.0013784414283387985,
      0.001341674912449283,
      0.0013098783102274561,
      0.0012792991032862726,
      0.0012516568002562658,
      0.0012258566814125516,
      0.0012013746929975847,
      0.0011790832252396891,
      0.001158671744633466,
      0.001138467159762513,
      0.0011200256849406287,
      0.0011015435802012993,
      0.0010850272296617429,
      0.0010694154014345258,
      0.0010542288344974318,
      0.0010406459000175043,
      0.0010266981359260778,
      0.001013566278561484,
      0.0010022906943049747,
      0.0009893364874490847,
      0.0009786171288093707,
      0.0009676564901989574,
      0.0009570057013964591,
      0.0009474698638465876,
      0.0009384486057873194,
      0.0009302275560912676,
      0.0009210433670280812,
      0.0009128114395328642,
      0.0009042289326316677,
      0.0008959762565306543,
      0.0008887301810318604,
      0.0008828159443510231,
      0.0008750285300872444,
      0.0008684931710983316,
      0.0008620054104540031,
      0.000855515062721679,
      0.0008490550516095633
    ],
    "epoch_rewards_s1": [
      -0.6208799481391907,
      -0.6190215349197388,
      -0.636761486530304,
      -0.6481112241744995,
      -0.6491455435752869,
      -0.6438115835189819,
      -0.6432160139083862,
      -0.6366018056869507,
      -0.6426584720611572,
      -0.6307803988456726,
      -0.6327990889549255,
      -0.6197314262390137,
      -0.631230890750885,
      -0.6137295365333557,
      -0.606611967086792,
      -0.6260746121406555,
      -0.6178141832351685,
      -0.6136588454246521,
      -0.6098109483718872,
      -0.6137090921401978,
      -0.602610170841217,
      -0.6093195080757141,
      -0.6077017784118652,
      -0.5905098915100098,
      -0.592474639415741,
      -0.597026526927948,
      -0.6110063791275024,
      -0.6110263466835022,
      -0.5941562056541443,
      -0.5996289849281311,
      -0.6002716422080994,
      -0.6019306778907776,
      -0.5984887480735779,
      -0.5963548421859741,
      -0.6007251739501953,
      -0.6005889773368835,
      -0.6040031909942627,
      -0.5948410034179688,
      -0.6116616129875183,
      -0.5917715430259705,
      -0.594845712184906,
      -0.6029457449913025,
      -0.6026061177253723,
      -0.5945406556129456,
      -0.60325688123703,
      -0.5965946316719055,
      -0.5959873795509338,
      -0.6038718819618225,
      -0.5923746824264526,
      -0.5914782285690308
    ],
    "epoch_rewards_s3": [
      -0.6244430541992188,
      -0.5957613587379456,
      -0.5961236953735352,
      -0.5954073667526245,
      -0.5793535709381104,
      -0.5657790899276733,
      -0.553387463092804,
      -0.5406277179718018,
      -0.5189348459243774,
      -0.5032678842544556,
      -0.4917946755886078,
      -0.4719090163707733,
      -0.4610864222049713,
      -0.4432935118675232,
      -0.4327436685562134,
      -0.4214218854904175,
      -0.4077260494232178,
      -0.41246017813682556,
      -0.3772575259208679,
      -0.3744931221008301,
      -0.35936239361763,
      -0.3530937135219574,
      -0.34068846702575684,
      -0.3092781901359558,
      -0.3050653338432312,
      -0.29278862476348877,
      -0.30322521924972534,
      -0.2826678454875946,
      -0.26833412051200867,
      -0.2601035535335541,
      -0.2539874315261841,
      -0.2478664368391037,
      -0.2191370725631714,
      -0.21650336682796478,
      -0.201402947306633,
      -0.1991197168827057,
      -0.1827564537525177,
      -0.17532917857170105,
      -0.169908344745636,
      -0.15087011456489563,
      -0.1470346748828888,
      -0.1524350345134735,
      -0.13672812283039093,
      -0.10679040849208832,
      -0.11345633864402771,
      -0.09161707758903503,
      -0.08369389176368713,
      -0.08836514502763748,
      -0.06770414859056473,
      -0.06444699317216873
    ],
    "epoch_rewards_rand": [
      -0.6550089120864868,
      -0.6307078003883362,
      -0.6487402319908142,
      -0.6519038081169128,
      -0.6640957593917847,
      -0.6605467200279236,
      -0.6570473313331604,
      -0.6628044247627258,
      -0.6578320264816284,
      -0.660574197769165,
      -0.6491590738296509,
      -0.6509220600128174,
      -0.6486461758613586,
      -0.6251705288887024,
      -0.6379635334014893,
      -0.643278956413269,
      -0.6406581997871399,
      -0.6335427761077881,
      -0.6380143761634827,
      -0.6238395571708679,
      -0.6273283362388611,
      -0.6263729333877563,
      -0.6242550015449524,
      -0.611767053604126,
      -0.6279104351997375,
      -0.6175746917724609,
      -0.6202621459960938,
      -0.6168028116226196,
      -0.6157622933387756,
      -0.6225138306617737,
      -0.6215879321098328,
      -0.6244367361068726,
      -0.6169480681419373,
      -0.6160910129547119,
      -0.6244690418243408,
      -0.6216321587562561,
      -0.6155834794044495,
      -0.61031574010849,
      -0.6106273531913757,
      -0.6215338110923767,
      -0.6138490438461304,
      -0.6145205497741699,
      -0.6116041541099548,
      -0.6001735925674438,
      -0.6077879667282104,
      -0.6023752689361572,
      -0.606171727180481,
      -0.5936388969421387,
      -0.5998746752738953,
      -0.606258749961853
    ],
    "epoch_mse_s1": [
      0.003508626716211438,
      0.00279424712061882,
      0.0023820707574486732,
      0.002111221896484494,
      0.0019280198030173779,
      0.0017976474482566118,
      0.0016869206447154284,
      0.0016060557682067156,
      0.0015198210021480918,
      0.0014725205255672336,
      0.0014128228649497032,
      0.0013818407896906137,
      0.0013213586062192917,
      0.0013059353223070502,
      0.0012793749338015914,
      0.0012209885753691196,
      0.001201931037940085,
      0.0011796983890235424,
      0.0011589747155085206,
      0.0011304222280159593,
      0.0011216908460482955,
      0.0010928974952548742,
      0.0010753270471468568,
      0.0010768421925604343,
      0.0010570071171969175,
      0.0010352706303820014,
      0.0010040401248261333,
      0.0009892972884699702,
      0.0009936729911714792,
      0.0009742506663314998,
      0.0009606999810785055,
      0.0009467025520280004,
      0.0009385459125041962,
      0.000929477799218148,
      0.0009141525952145457,
      0.0009039017604663968,
      0.0008904903661459684,
      0.0008900756947696209,
      0.0008641809108667076,
      0.0008749109110794961,
      0.0008632850367575884,
      0.0008471274049952626,
      0.0008394513861276209,
      0.0008393976604565978,
      0.0008236636058427393,
      0.0008226892678067088,
      0.0008162215235643089,
      0.0008021052926778793,
      0.0008061022381298244,
      0.0008004659321159124
    ],