{
  "hyperparameters": {
    "num_train_samples": 12000,
    "encoder_name": "granite",
    "target_layers": [
      128,
      64
    ],
    "predictor_layers": [
      512,
      64
    ],
    "normalize_embeddings": true,
    "concat_problem_answer": false,
    "num_epochs": 50,
    "learning_rate": 0.0001,
    "batch_size": 50,
    "device": "cuda",
    "seed": 42
  },
  "encoder_full_name": "ibm-granite/granite-embedding-english-r2",
  "timestamp": "20251118_061410",
  "training_logs": {
    "training_losses": [
      0.03794796247966588,
      0.019021239193777243,
      0.01465325205742071,
      0.01233965636153395,
      0.010857073194347321,
      0.009800211584661156,
      0.008985750741946201,
      0.008338925168694307,
      0.007800726121058687,
      0.0073517418505313495,
      0.006961802488270526,
      0.0066173941091013455,
      0.006306624821930503,
      0.006028454572272798,
      0.005777526978636161,
      0.005541486686949307,
      0.005324521734534452,
      0.005118989641778171,
      0.004927417622335876,
      0.004741715804751342,
      0.00457144090323709,
      0.004404641579215726,
      0.004241148066163684,
      0.004090882637926067,
      0.00393874963435034,
      0.0037886534119024873,
      0.003639418144787972,
      0.003498953621601686,
      0.003358078703361874,
      0.003216603929953029,
      0.0030741132679395376,
      0.002935974882954421,
      0.002793318769545294,
      0.0026549277992065374,
      0.0025131035974482073,
      0.0023727386229438706,
      0.0022350498125888406,
      0.002094652659919423,
      0.00196057608021268,
      0.0018257058962869146,
      0.0016943645028125805,
      0.001567821448649435,
      0.0014483458653558046,
      0.0013331700654816813,
      0.0012240186547084401,
      0.001121982210315764,
      0.0010285676735899566,
      0.0009417101442522835,
      0.000862160547694657,
      0.0007888407218464029
    ],
    "epoch_rewards_s1": [
      -0.6960840225219727,
      -0.673285186290741,
      -0.651633083820343,
      -0.6367958188056946,
      -0.6255232095718384,
      -0.6208618879318237,
      -0.6137175559997559,
      -0.6034184694290161,
      -0.5944240689277649,
      -0.5955336093902588,
      -0.5986958742141724,
      -0.5873015522956848,
      -0.5860940217971802,
      -0.5895806550979614,
      -0.5848952531814575,
      -0.5823830962181091,
      -0.5880051851272583,
      -0.5788059234619141,
      -0.5886706113815308,
      -0.5781150460243225,
      -0.5820896625518799,
      -0.5786466598510742,
      -0.5823861360549927,
      -0.5760319828987122,
      -0.5853803753852844,
      -0.5869230031967163,
      -0.5883159041404724,
      -0.5904796719551086,
      -0.5951824188232422,
      -0.5971634387969971,
      -0.5998318195343018,
      -0.6073614954948425,
      -0.6062293648719788,
      -0.615813136100769,
      -0.6168549656867981,
      -0.623525857925415,
      -0.6306431293487549,
      -0.6308844685554504,
      -0.6435343623161316,
      -0.6526277661323547,
      -0.6558164954185486,
      -0.6608762741088867,
      -0.6595268249511719,
      -0.6662734746932983,
      -0.6722835898399353,
      -0.6748946905136108,
      -0.6764845848083496,
      -0.6768671870231628,
      -0.6751499772071838,
      -0.6758009195327759
    ],
    "epoch_rewards_s3": [
      -0.6683096289634705,
      -0.639474093914032,
      -0.6147961020469666,
      -0.5939875841140747,
      -0.5824624300003052,
      -0.570807695388794,
      -0.5584198832511902,
      -0.5424485802650452,
      -0.5301749110221863,
      -0.5266228914260864,
      -0.5241587162017822,
      -0.5101886987686157,
      -0.5075370669364929,
      -0.505283772945404,
      -0.4934917986392975,
      -0.4908052682876587,
      -0.49199920892715454,
      -0.481658935546875,
      -0.48601049184799194,
      -0.4788571894168854,
      -0.4822588860988617,
      -0.4779122471809387,
      -0.4779888093471527,
      -0.4741057753562927,
      -0.4858555495738983,
      -0.4849693179130554,
      -0.48484358191490173,
      -0.49154385924339294,
      -0.4925473630428314,
      -0.4978887140750885,
      -0.5110471248626709,
      -0.5111528635025024,
      -0.5138776898384094,
      -0.5288243889808655,
      -0.5325592160224915,
      -0.5444562435150146,
      -0.5500075221061707,
      -0.5577878952026367,
      -0.5679289698600769,
      -0.5741501450538635,
      -0.5846486687660217,
      -0.5953747630119324,
      -0.5951812863349915,
      -0.6060657501220703,
      -0.6150400638580322,
      -0.6208248138427734,
      -0.6293635964393616,
      -0.6324863433837891,
      -0.6333799362182617,
      -0.6346864700317383
    ],
    "epoch_rewards_rand": [
      -0.7131575345993042,
      -0.6805265545845032,
      -0.6591596603393555,
      -0.6467514038085938,
      -0.6350870132446289,
      -0.6250885128974915,
      -0.6202091574668884,
      -0.6159384250640869,
      -0.6055724024772644,
      -0.603624165058136,
      -0.5937764048576355,
      -0.5902396440505981,
      -0.5916306376457214,
      -0.5863332748413086,
      -0.5733534097671509,
      -0.5772238969802856,
      -0.5776790380477905,
      -0.5653389692306519,
      -0.5707104206085205,
      -0.5741671919822693,
      -0.5742038488388062,
      -0.5771737098693848,
      -0.5676078796386719,
      -0.5773534178733826,
      -0.5815187096595764,
      -0.5778774619102478,
      -0.5849729180335999,
      -0.5902701020240784,
      -0.5888192057609558,
      -0.5949381589889526,
      -0.5974732637405396,
      -0.6066973805427551,
      -0.6063581705093384,
      -0.6137784719467163,
      -0.6162073016166687,
      -0.6261404752731323,
      -0.6312817335128784,
      -0.6341796517372131,
      -0.6425124406814575,
      -0.643484354019165,
      -0.6580665707588196,
      -0.657272458076477,
      -0.6637736558914185,
      -0.6645185947418213,
      -0.67056804895401,
      -0.6750047206878662,
      -0.6753237843513489,
      -0.6791398525238037,
      -0.6793595552444458,
      -0.6757515072822571
    ],
    "epoch_mse_s1": [
      0.022329840809106827,
      0.01571064442396164,
      0.012793547473847866,
      0.01102063525468111,
      0.009802605025470257,
      0.008840402588248253,
      0.008134626783430576,
      0.007617529481649399,
      0.007186115253716707,
      0.006712694186717272,
      0.006281076464802027,
      0.00606258912011981,
      0.005767388269305229,
      0.0054549858905375,
      0.005255343858152628,
      0.005054071545600891,
      0.004790886305272579,
      0.004688719753175974,
      0.004416876472532749,
      0.00434986362233758,
      0.004157385788857937,
      0.0040419213473796844,
      0.0038697051350027323,
      0.003793919226154685,
      0.0035875493194907904,
      0.003455017227679491,
      0.0033286951947957277,
      0.0032006585970520973,
      0.003056037938222289,
      0.0029375951271504164,
      0.0028167557902634144,
      0.0026604251470416784,
      0.0025753581430763006,
      0.002408792031928897,
      0.0023109891917556524,
      0.002171789761632681,
      0.0020314219873398542,
      0.001944619114510715,
      0.0017665683990344405,
      0.0016172048635780811,
      0.0015131008112803102,
      0.00139666348695755,
      0.0013282077852636576,
      0.0012025270843878388,
      0.0010839211754500866,
      0.0009912722744047642,
      0.0009074879344552755,
      0.0008338171173818409,
      0.0007764335023239255,
      0.0007041487842798233
    ],