{
  "hyperparameters": {
    "num_train_samples": 12000,
    "encoder_name": "gte",
    "target_layers": [
      128,
      64
    ],
    "predictor_layers": [
      2048,
      64
    ],
    "normalize_embeddings": true,
    "concat_problem_answer": false,
    "num_epochs": 50,
    "learning_rate": 0.0001,
    "batch_size": 50,
    "device": "cuda",
    "seed": 42
  },
  "encoder_full_name": "Alibaba-NLP/gte-modernbert-base",
  "timestamp": "20251118_055131",
  "training_logs": {
    "training_losses": [
      0.028650815458968283,
      0.014473648730199785,
      0.011188797152135522,
      0.009306210659754772,
      0.008029597908413658,
      0.0070775600286045424,
      0.006339273888928195,
      0.005736853539322813,
      0.00524024612774762,
      0.004827926468957837,
      0.0044526053961211195,
      0.004140308989250722,
      0.0038598982617259027,
      0.0036146705756740023,
      0.0033778120695690935,
      0.003182084712898359,
      0.0030026715898808713,
      0.002836797756026499,
      0.002682374770908306,
      0.0025439507405584055,
      0.0024117364422030128,
      0.002294171785858149,
      0.0021859980343530575,
      0.0020818113121398103,
      0.001985236842301674,
      0.0018896187325784315,
      0.001814454546062431,
      0.0017305548938262897,
      0.0016503343717583145,
      0.0015785147406859323,
      0.0015098999846183383,
      0.0014454221352934837,
      0.0013803070774883962,
      0.0013274060319721078,
      0.0012738106607381875,
      0.0012163340603971544,
      0.0011677247506061879,
      0.0011211777692854716,
      0.0010735789524915162,
      0.0010308896610998393,
      0.0009876160300336778,
      0.0009439930746642252,
      0.0009035845430238017,
      0.0008691187591466587,
      0.0008314502202362444,
      0.0008017260906247732,
      0.0007646574144018814,
      0.0007349621759203728,
      0.000704741806111997,
      0.0006795852195258097
    ],
    "epoch_rewards_s1": [
      -0.7226840257644653,
      -0.6880955100059509,
      -0.6844903230667114,
      -0.6663296222686768,
      -0.6715619564056396,
      -0.6668866872787476,
      -0.6622946858406067,
      -0.6630586385726929,
      -0.6565070748329163,
      -0.6690807938575745,
      -0.6542693972587585,
      -0.65471351146698,
      -0.6440038681030273,
      -0.6442515254020691,
      -0.6478694677352905,
      -0.6412166953086853,
      -0.6478369235992432,
      -0.6456402540206909,
      -0.6301310658454895,
      -0.6253635883331299,
      -0.6179458498954773,
      -0.6235369443893433,
      -0.6144816279411316,
      -0.6159595251083374,
      -0.6127535700798035,
      -0.6104515194892883,
      -0.6172149777412415,
      -0.6011393070220947,
      -0.6005979180335999,
      -0.6031965613365173,
      -0.6031202077865601,
      -0.5905148386955261,
      -0.588272750377655,
      -0.5893917083740234,
      -0.589699387550354,
      -0.5787185430526733,
      -0.5842815041542053,
      -0.5768024921417236,
      -0.5789116621017456,
      -0.5708880424499512,
      -0.565028190612793,
      -0.5677050352096558,
      -0.560827374458313,
      -0.5610103607177734,
      -0.5610643029212952,
      -0.5563161373138428,
      -0.5580291748046875,
      -0.5539085865020752,
      -0.5502727627754211,
      -0.5469750761985779
    ],
    "epoch_rewards_s3": [
      -0.7043484449386597,
      -0.6223514676094055,
      -0.6024134755134583,
      -0.5684174299240112,
      -0.5462242960929871,
      -0.5192554593086243,
      -0.4978454113006592,
      -0.49173879623413086,
      -0.47372516989707947,
      -0.46178290247917175,
      -0.44046202301979065,
      -0.43856894969940186,
      -0.4153900742530823,
      -0.4042804539203644,
      -0.40165168046951294,
      -0.3918289840221405,
      -0.37987884879112244,
      -0.36638158559799194,
      -0.34915435314178467,
      -0.33705946803092957,
      -0.32976648211479187,
      -0.3296344578266144,
      -0.3107960820198059,
      -0.3176516890525818,
      -0.2996588945388794,
      -0.29820898175239563,
      -0.2934337258338928,
      -0.2753511369228363,
      -0.28205782175064087,
      -0.26845186948776245,
      -0.2667021155357361,
      -0.2587888538837433,
      -0.2569092810153961,
      -0.2536938488483429,
      -0.2599840760231018,
      -0.2534426748752594,
      -0.25653159618377686,
      -0.2437744140625,
      -0.24905170500278473,
      -0.24475964903831482,
      -0.25317448377609253,
      -0.2477390617132187,
      -0.24644596874713898,
      -0.2434375286102295,
      -0.24258705973625183,
      -0.2470996379852295,
      -0.26038074493408203,
      -0.2584621012210846,
      -0.2636587619781494,
      -0.2578445076942444
    ],
    "epoch_rewards_rand": [
      -0.7455242872238159,
      -0.710630476474762,
      -0.6950680613517761,
      -0.6897585391998291,
      -0.6857540607452393,
      -0.6768519282341003,
      -0.6777803897857666,
      -0.6721755266189575,
      -0.6697443723678589,
      -0.6659616827964783,
      -0.6588312387466431,
      -0.6556858420372009,
      -0.6507880091667175,
      -0.6440907716751099,
      -0.653931736946106,
      -0.645886242389679,
      -0.643193244934082,
      -0.6433436274528503,
      -0.6328399777412415,
      -0.6248944997787476,
      -0.6239145994186401,
      -0.6193022131919861,
      -0.6127784848213196,
      -0.6189678907394409,
      -0.6144300103187561,
      -0.6088857054710388,
      -0.6040872931480408,
      -0.6002278923988342,
      -0.5995354056358337,
      -0.5915900468826294,
      -0.5952513217926025,
      -0.5863714218139648,
      -0.5859333872795105,
      -0.5867745876312256,
      -0.5829169154167175,
      -0.5714012980461121,
      -0.5747371315956116,
      -0.5667728781700134,
      -0.5692362189292908,
      -0.5660354495048523,
      -0.5610287189483643,
      -0.5646530985832214,
      -0.5620718002319336,
      -0.5581435561180115,
      -0.5578569769859314,
      -0.5530508160591125,
      -0.5601246356964111,
      -0.5499510169029236,
      -0.5484393835067749,
      -0.5408868193626404
    ],
    "epoch_mse_s1": [
      0.01643112301826477,
      0.011806268244981766,
      0.009424855932593346,
      0.008119110018014908,
      0.006974459625780582,
      0.006197542883455753,
      0.005583903752267361,
      0.005032012239098549,
      0.004633954260498285,
      0.0041281962767243385,
      0.003915128763765097,
      0.003608106868341565,
      0.0034262635745108128,
      0.003180553438141942,
      0.002930655376985669,
      0.002781632822006941,
      0.002547919750213623,
      0.0023964548017829657,
      0.0023544158320873976,
      0.002243311144411564,
      0.0021600143518298864,
      0.0019940880592912436,
      0.0019381862366572022,
      0.0018168030073866248,
      0.0017337219323962927,
      0.001650041900575161,
      0.0015131646068766713,
      0.0015290152514353395,
      0.0014482897240668535,
      0.0013521105283871293,
      0.0012768799206241965,
      0.0012823175638914108,
      0.0012263987446203828,
      0.0011533878277987242,
      0.0010883957147598267,
      0.0010926829418167472,
      0.0010016598971560597,
      0.0009893206879496574,
      0.0009233608725480735,
      0.0009175058803521097,
      0.0009006400359794497,
      0.0008372380980290473,
      0.0008289074758067727,
      0.000782873306889087,
      0.0007391165127046406,
      0.0007230818155221641,
      0.0006732183392159641,
      0.0006561183836311102,
      0.000637453340459615,
      0.000618105405010283
    ],