{
  "hyperparameters": {
    "num_train_samples": 12000,
    "encoder_name": "granite",
    "target_layers": [
      256,
      64
    ],
    "predictor_layers": [
      1024,
      64
    ],
    "normalize_embeddings": true,
    "concat_problem_answer": false,
    "num_epochs": 50,
    "learning_rate": 0.0001,
    "batch_size": 50,
    "device": "cuda",
    "seed": 42
  },
  "encoder_full_name": "ibm-granite/granite-embedding-english-r2",
  "timestamp": "20251118_061705",
  "training_logs": {
    "training_losses": [
      0.03247610166824112,
      0.016271281180282433,
      0.012619014196873952,
      0.010664497575877856,
      0.009389558663436522,
      0.00846468298890007,
      0.0077597142255399374,
      0.007176818784015874,
      0.006711766195561116,
      0.006319732350918154,
      0.0059695471039352315,
      0.005673697486054152,
      0.005410648612693573,
      0.0051793190534226595,
      0.00496359911824887,
      0.004769222704150404,
      0.004597788647515699,
      0.004438940876085932,
      0.004296571716743832,
      0.004156109349181255,
      0.004026480338264567,
      0.0039178947568871084,
      0.0038094191550044343,
      0.003702189869363792,
      0.0036054946462778996,
      0.003519446428011482,
      0.0034350452207339306,
      0.0033552404376678167,
      0.003274213636177592,
      0.003206866507146818,
      0.003138150212665399,
      0.0030753471471446875,
      0.003022848119144328,
      0.0029586126300273465,
      0.0029069271637126803,
      0.0028527177103872723,
      0.002805188008157226,
      0.002754054801577392,
      0.0027091566114298376,
      0.0026685554553599407,
      0.0026287438338234398,
      0.002583342139647963,
      0.0025459265084161113,
      0.002511112273593123,
      0.002471072473175203,
      0.0024397125797501456,
      0.0024039741013742364,
      0.002370705539942719,
      0.0023403220072699088,
      0.0023097715185334284
    ],
    "epoch_rewards_s1": [
      -0.7268840074539185,
      -0.6806896924972534,
      -0.6585124135017395,
      -0.6394866704940796,
      -0.6332460045814514,
      -0.6329230070114136,
      -0.6160984635353088,
      -0.608079195022583,
      -0.6067211031913757,
      -0.6091418862342834,
      -0.6025318503379822,
      -0.6017603874206543,
      -0.6021363139152527,
      -0.5932246446609497,
      -0.5987676978111267,
      -0.6006081104278564,
      -0.5894454121589661,
      -0.5816874504089355,
      -0.5880091786384583,
      -0.5850971341133118,
      -0.5867258906364441,
      -0.5774823427200317,
      -0.574158251285553,
      -0.575491189956665,
      -0.5660326480865479,
      -0.57402503490448,
      -0.5735582113265991,
      -0.5755796432495117,
      -0.5656293630599976,
      -0.5669374465942383,
      -0.5698322653770447,
      -0.5605331063270569,
      -0.5680180788040161,
      -0.5612529516220093,
      -0.5601758360862732,
      -0.5521083474159241,
      -0.5627296566963196,
      -0.5605874061584473,
      -0.5585750341415405,
      -0.557317852973938,
      -0.5629916787147522,
      -0.5562988519668579,
      -0.5492410659790039,
      -0.5469523668289185,
      -0.5560267567634583,
      -0.5435497760772705,
      -0.549929678440094,
      -0.5357533097267151,
      -0.534924328327179,
      -0.5408156514167786
    ],
    "epoch_rewards_s3": [
      -0.6837556958198547,
      -0.6338918209075928,
      -0.6039710640907288,
      -0.5716489553451538,
      -0.5576092600822449,
      -0.5445076823234558,
      -0.5275714993476868,
      -0.5048198699951172,
      -0.5001670718193054,
      -0.49618712067604065,
      -0.48345810174942017,
      -0.4787130355834961,
      -0.4702681005001068,
      -0.4563129246234894,
      -0.45881932973861694,
      -0.4481639862060547,
      -0.4392842650413513,
      -0.43468791246414185,
      -0.4363810122013092,
      -0.42806723713874817,
      -0.4213995337486267,
      -0.40418609976768494,
      -0.4014776051044464,
      -0.39546874165534973,
      -0.3905991017818451,
      -0.3879866600036621,
      -0.38745906949043274,
      -0.38121896982192993,
      -0.37048929929733276,
      -0.3689557611942291,
      -0.36498114466667175,
      -0.34382718801498413,
      -0.35187721252441406,
      -0.34555429220199585,
      -0.336983859539032,
      -0.33313804864883423,
      -0.3324728012084961,
      -0.3290337324142456,
      -0.3220959007740021,
      -0.32237693667411804,
      -0.31592267751693726,
      -0.3077820837497711,
      -0.29436981678009033,
      -0.2921173870563507,
      -0.2950209677219391,
      -0.2770649194717407,
      -0.2857379615306854,
      -0.26967504620552063,
      -0.26643696427345276,
      -0.26786524057388306
    ],
    "epoch_rewards_rand": [
      -0.7151791453361511,
      -0.6694881916046143,
      -0.6447190642356873,
      -0.6393969058990479,
      -0.6331354975700378,
      -0.6208590269088745,
      -0.6165046691894531,
      -0.6160025596618652,
      -0.6035255789756775,
      -0.6156031489372253,
      -0.6045175194740295,
      -0.6080491542816162,
      -0.6035387516021729,
      -0.6064882278442383,
      -0.6053966879844666,
      -0.600728452205658,
      -0.5931903123855591,
      -0.6070955395698547,
      -0.5945093035697937,
      -0.5952429175376892,
      -0.595199704170227,
      -0.5880134701728821,
      -0.5886660814285278,
      -0.579179584980011,
      -0.5827664732933044,
      -0.5797476768493652,
      -0.5776198506355286,
      -0.5762203335762024,
      -0.5707905292510986,
      -0.5600680708885193,
      -0.5699242949485779,
      -0.571240246295929,
      -0.5659089088439941,
      -0.5546910166740417,
      -0.5537439584732056,
      -0.5535479784011841,
      -0.5434100031852722,
      -0.5526232719421387,
      -0.5560606122016907,
      -0.5479572415351868,
      -0.5453029274940491,
      -0.5397540330886841,
      -0.5480456948280334,
      -0.5424231886863708,
      -0.546072781085968,
      -0.5275140404701233,
      -0.5367352962493896,
      -0.5328794717788696,
      -0.531684398651123,
      -0.532813549041748
    ],
    "epoch_mse_s1": [
      0.018532276153564453,
      0.013365567661821842,
      0.010928687639534473,
      0.00949784740805626,
      0.008404775522649288,
      0.007536507211625576,
      0.0070459782145917416,
      0.00657340232282877,
      0.006121248938143253,
      0.005702127702534199,
      0.005425387527793646,
      0.005133519880473614,
      0.004865671042352915,
      0.004709826782345772,
      0.004447536543011665,
      0.004238892812281847,
      0.004156916867941618,
      0.0040581971406936646,
      0.003857066622003913,
      0.0037417190615087748,
      0.0036000439431518316,
      0.0035512696485966444,
      0.0034636526834219694,
      0.003347627352923155,
      0.0033171558752655983,
      0.0031650017481297255,
      0.003079903544858098,
      0.0029820911586284637,
      0.0029718303121626377,
      0.0028870205860584974,
      0.0027953956741839647,
      0.002789407502859831,
      0.002674438990652561,
      0.0026566474698483944,
      0.002603962318971753,
      0.0025985478423535824,
      0.0024758707731962204,
      0.0024370066821575165,
      0.0023992338683456182,
      0.0023586731404066086,
      0.002277498599141836,
      0.0022735928650945425,
      0.0022728845942765474,
      0.002244665054604411,
      0.002150380751118064,
      0.0021849386394023895,
      0.002109825611114502,
      0.0021552881225943565,
      0.0021242143120616674,
      0.002055984688922763
    ],