{
  "hyperparameters": {
    "num_train_samples": 12000,
    "encoder_name": "gte",
    "target_layers": [
      256,
      64
    ],
    "predictor_layers": [
      512,
      256,
      64
    ],
    "normalize_embeddings": true,
    "concat_problem_answer": false,
    "num_epochs": 50,
    "learning_rate": 0.0001,
    "batch_size": 50,
    "device": "cuda",
    "seed": 42
  },
  "encoder_full_name": "Alibaba-NLP/gte-modernbert-base",
  "timestamp": "20251118_055438",
  "training_logs": {
    "training_losses": [
      0.02828418496064842,
      0.016366404780031492,
      0.012837658647913485,
      0.011072554633331795,
      0.009986330390286942,
      0.009228244982659816,
      0.008650162437697872,
      0.008187829353846609,
      0.007798782705018918,
      0.007477818516781554,
      0.007198732763451214,
      0.00694934370694682,
      0.006728153097598503,
      0.006531340083650624,
      0.006343693423938627,
      0.0061787139915395525,
      0.00602807985075439,
      0.005886466719675809,
      0.005762893506713832,
      0.005638787536493813,
      0.00552996492673022,
      0.0054202838335186245,
      0.005316919251345098,
      0.005224477969265232,
      0.005140532846174513,
      0.005052460045165693,
      0.00497001528662319,
      0.004896742782633131,
      0.004828562081092969,
      0.004754682764178142,
      0.004687682345199088,
      0.004623497911961749,
      0.0045655138635387026,
      0.004501923167845234,
      0.004446344240568579,
      0.004395045842587327,
      0.004339560167863965,
      0.004292896533540139,
      0.004240628813082973,
      0.0041969045870549355,
      0.0041477516080097605,
      0.004102567631828909,
      0.004061519512712645,
      0.0040145354132012775,
      0.003971922966108347,
      0.003934592720664417,
      0.003896327590337023,
      0.0038558408685882267,
      0.0038187564399171,
      0.003781867976067588
    ],
    "epoch_rewards_s1": [
      -0.8026677370071411,
      -0.7872680425643921,
      -0.7398720979690552,
      -0.7050086855888367,
      -0.6845887899398804,
      -0.6571487188339233,
      -0.6492421627044678,
      -0.6386083960533142,
      -0.6366397738456726,
      -0.6271414160728455,
      -0.624126672744751,
      -0.6242736577987671,
      -0.6138104200363159,
      -0.6140828728675842,
      -0.6092994213104248,
      -0.6108371019363403,
      -0.6057953238487244,
      -0.6136398315429688,
      -0.6077309846878052,
      -0.6050055027008057,
      -0.6064996123313904,
      -0.6071268320083618,
      -0.6110174655914307,
      -0.605058491230011,
      -0.6171336770057678,
      -0.6099556088447571,
      -0.6128107905387878,
      -0.5994870066642761,
      -0.5981881618499756,
      -0.6107872724533081,
      -0.6069702506065369,
      -0.6055153608322144,
      -0.6019302010536194,
      -0.603500485420227,
      -0.6037276983261108,
      -0.6048856973648071,
      -0.6032249927520752,
      -0.6049829125404358,
      -0.6094534993171692,
      -0.5945110321044922,
      -0.6035093069076538,
      -0.6018359661102295,
      -0.6020143628120422,
      -0.6083683371543884,
      -0.6094934940338135,
      -0.6134641170501709,
      -0.61123126745224,
      -0.605178952217102,
      -0.6034907102584839,
      -0.6057888865470886
    ],
    "epoch_rewards_s3": [
      -0.7729432582855225,
      -0.7570858001708984,
      -0.7066503763198853,
      -0.6669028401374817,
      -0.6341182589530945,
      -0.6084673404693604,
      -0.5842586159706116,
      -0.5669920444488525,
      -0.557311475276947,
      -0.5402246117591858,
      -0.5179566740989685,
      -0.5129024386405945,
      -0.498967707157135,
      -0.4915481507778168,
      -0.4741091728210449,
      -0.4733702838420868,
      -0.45586293935775757,
      -0.4556877315044403,
      -0.4380141794681549,
      -0.4303063750267029,
      -0.42344555258750916,
      -0.42183127999305725,
      -0.4112539291381836,
      -0.4012402892112732,
      -0.39924225211143494,
      -0.3870561122894287,
      -0.3827410042285919,
      -0.36830538511276245,
      -0.36435943841934204,
      -0.36381545662879944,
      -0.354502409696579,
      -0.3564516603946686,
      -0.33763450384140015,
      -0.32840049266815186,
      -0.329641729593277,
      -0.321977823972702,
      -0.30991679430007935,
      -0.31874874234199524,
      -0.30823129415512085,
      -0.2990778982639313,
      -0.29867133498191833,
      -0.2857336401939392,
      -0.28436270356178284,
      -0.28550630807876587,
      -0.27708277106285095,
      -0.28603455424308777,
      -0.2730979919433594,
      -0.2771669030189514,
      -0.2549667954444885,
      -0.26340165734291077
    ],
    "epoch_rewards_rand": [
      -0.7720656991004944,
      -0.774219274520874,
      -0.7499780058860779,
      -0.7191991209983826,
      -0.6956095695495605,
      -0.677699089050293,
      -0.6679624915122986,
      -0.6453627347946167,
      -0.6360774636268616,
      -0.6442649960517883,
      -0.6178889870643616,
      -0.6385033130645752,
      -0.6366574168205261,
      -0.6236544251441956,
      -0.6110944747924805,
      -0.618310809135437,
      -0.6109050512313843,
      -0.6110973358154297,
      -0.6190828084945679,
      -0.6002658009529114,
      -0.6137165427207947,
      -0.6158031821250916,
      -0.6137522459030151,
      -0.5955286026000977,
      -0.6141207814216614,
      -0.6132438778877258,
      -0.5997017025947571,
      -0.6003330945968628,
      -0.6142619252204895,
      -0.6006694436073303,
      -0.6032941937446594,
      -0.6012601852416992,
      -0.6078056693077087,
      -0.6060330867767334,
      -0.6165357232093811,
      -0.606266438961029,
      -0.599445104598999,
      -0.6042788028717041,
      -0.6083216667175293,
      -0.6091567873954773,
      -0.6062496900558472,
      -0.6077107787132263,
      -0.6073765158653259,
      -0.6123217344284058,
      -0.610580325126648,
      -0.610256016254425,
      -0.6115869283676147,
      -0.6075426936149597,
      -0.6041669845581055,
      -0.6115438342094421
    ],
    "epoch_mse_s1": [
      0.01917780190706253,
      0.014027574099600315,
      0.011830504983663559,
      0.010522264987230301,
      0.009584206156432629,
      0.008995127864181995,
      0.008417612873017788,
      0.007986115291714668,
      0.00757242226973176,
      0.007282510865479708,
      0.006993121933192015,
      0.006720015779137611,
      0.0065529122948646545,
      0.006335757207125425,
      0.006173443514853716,
      0.0059867301024496555,
      0.005858228076249361,
      0.005660245660692453,
      0.005561414640396833,
      0.005451677832752466,
      0.005325109697878361,
      0.005211472511291504,
      0.0050855171866714954,
      0.005023494828492403,
      0.004863375332206488,
      0.004818480461835861,
      0.004721048288047314,
      0.004717571195214987,
      0.004650848917663097,
      0.004512283019721508,
      0.004466015379875898,
      0.0044097756035625935,
      0.00436741067096591,
      0.004300283268094063,
      0.004242607392370701,
      0.004182542208582163,
      0.004138750024139881,
      0.004079765174537897,
      0.004009130410850048,
      0.004036260768771172,
      0.003946730867028236,
      0.003911095671355724,
      0.003867885796353221,
      0.003796379081904888,
      0.003751293523237109,
      0.0036941496655344963,
      0.0036674058064818382,
      0.003659224370494485,
      0.003631538012996316,
      0.003586416831240058
    ],