{
  "hyperparameters": {
    "num_train_samples": 12000,
    "encoder_name": "granite",
    "target_layers": [
      512,
      64
    ],
    "predictor_layers": [
      512,
      64
    ],
    "normalize_embeddings": true,
    "concat_problem_answer": false,
    "num_epochs": 50,
    "learning_rate": 0.0001,
    "batch_size": 50,
    "device": "cuda",
    "seed": 42
  },
  "encoder_full_name": "ibm-granite/granite-embedding-english-r2",
  "timestamp": "20251118_060812",
  "training_logs": {
    "training_losses": [
      0.036299816666481396,
      0.01891345747280866,
      0.01475381333536158,
      0.01256846374599263,
      0.011174081141750019,
      0.010190007047882924,
      0.009450803867851694,
      0.008863924214771638,
      0.008395201328676194,
      0.007996904446432989,
      0.007664051698520779,
      0.007377264753449709,
      0.007123246530924613,
      0.0068999799143057315,
      0.0067027474928181615,
      0.006522121220283831,
      0.0063628530925295005,
      0.006215815791316952,
      0.006077535562993338,
      0.005955113193097835,
      0.005842463204559559,
      0.005731561783856402,
      0.005635293627468248,
      0.005539765329255412,
      0.005454191495664418,
      0.005374408383310462,
      0.005299508818037187,
      0.0052253963755598916,
      0.005156641352611283,
      0.00509161832742393,
      0.00503059671803688,
      0.004971474368358031,
      0.00492115529292884,
      0.0048708307964261625,
      0.004814383439952508,
      0.004770060473432144,
      0.004727670354380583,
      0.004679928861636048,
      0.004637711739633232,
      0.0045946613167567795,
      0.004558908516385903,
      0.00451910836660924,
      0.0044837210754243035,
      0.00444980660880295,
      0.004420925255787248,
      0.004384865716565401,
      0.0043573948865135515,
      0.004326891110395081,
      0.004298730768884222,
      0.004268133540366156
    ],
    "epoch_rewards_s1": [
      -0.7536097764968872,
      -0.7070358395576477,
      -0.6805006265640259,
      -0.6605053544044495,
      -0.6385539770126343,
      -0.6298675537109375,
      -0.6197322010993958,
      -0.6099324822425842,
      -0.6034836173057556,
      -0.5921280980110168,
      -0.5915427207946777,
      -0.5885587334632874,
      -0.5803312659263611,
      -0.5685247778892517,
      -0.5716465711593628,
      -0.5670694708824158,
      -0.5643168687820435,
      -0.5640731453895569,
      -0.5641942620277405,
      -0.5672500729560852,
      -0.5576513409614563,
      -0.5571445226669312,
      -0.5633693337440491,
      -0.5551605224609375,
      -0.5431360006332397,
      -0.5418259501457214,
      -0.5442527532577515,
      -0.552241325378418,
      -0.5429134368896484,
      -0.5457725524902344,
      -0.5398000478744507,
      -0.5383244752883911,
      -0.5402069687843323,
      -0.5425105690956116,
      -0.544728696346283,
      -0.5379564762115479,
      -0.541949987411499,
      -0.5310213565826416,
      -0.5407070517539978,
      -0.5316792726516724,
      -0.5256808996200562,
      -0.5345012545585632,
      -0.5266759395599365,
      -0.5280981063842773,
      -0.5216765999794006,
      -0.5297424793243408,
      -0.5230568647384644,
      -0.5194647908210754,
      -0.5214352011680603,
      -0.5175985097885132
    ],
    "epoch_rewards_s3": [
      -0.7425829768180847,
      -0.6881809830665588,
      -0.6463974118232727,
      -0.6184812188148499,
      -0.59070885181427,
      -0.5761289000511169,
      -0.555177628993988,
      -0.5432772040367126,
      -0.527049720287323,
      -0.5130888819694519,
      -0.5083959698677063,
      -0.5012894868850708,
      -0.4911023676395416,
      -0.474811315536499,
      -0.4714977443218231,
      -0.46307045221328735,
      -0.45796066522598267,
      -0.45006269216537476,
      -0.4425801634788513,
      -0.44771629571914673,
      -0.4360242486000061,
      -0.426998496055603,
      -0.43239256739616394,
      -0.42345428466796875,
      -0.41268613934516907,
      -0.404193252325058,
      -0.4067995250225067,
      -0.40622636675834656,
      -0.3957662880420685,
      -0.3965393006801605,
      -0.38673585653305054,
      -0.3874226212501526,
      -0.38732242584228516,
      -0.3800927996635437,
      -0.375101774930954,
      -0.3769334852695465,
      -0.3758186399936676,
      -0.359472393989563,
      -0.3669130206108093,
      -0.3597005307674408,
      -0.34812408685684204,
      -0.35269880294799805,
      -0.34031158685684204,
      -0.34543952345848083,
      -0.3360273241996765,
      -0.3381044566631317,
      -0.33240386843681335,
      -0.3206161558628082,
      -0.3259897232055664,
      -0.320956289768219
    ],
    "epoch_rewards_rand": [
      -0.8404614329338074,
      -0.765758216381073,
      -0.733223021030426,
      -0.7197749018669128,
      -0.6998257040977478,
      -0.6924806237220764,
      -0.6768777966499329,
      -0.6652772426605225,
      -0.6543072462081909,
      -0.644650936126709,
      -0.6360234022140503,
      -0.632093071937561,
      -0.6280277371406555,
      -0.6260238289833069,
      -0.6088616847991943,
      -0.6097914576530457,
      -0.606705367565155,
      -0.602294385433197,
      -0.5885931253433228,
      -0.5904269814491272,
      -0.5891097784042358,
      -0.5849555730819702,
      -0.5901802182197571,
      -0.5794138312339783,
      -0.5766420364379883,
      -0.576358437538147,
      -0.5756731033325195,
      -0.573128879070282,
      -0.5685731172561646,
      -0.5657883286476135,
      -0.5616105794906616,
      -0.561186671257019,
      -0.5596874952316284,
      -0.55623859167099,
      -0.5533615946769714,
      -0.5513469576835632,
      -0.5489491820335388,
      -0.547602117061615,
      -0.5494864583015442,
      -0.5412977337837219,
      -0.5401495099067688,
      -0.5399625301361084,
      -0.5496084690093994,
      -0.5355970859527588,
      -0.5373916029930115,
      -0.535729706287384,
      -0.5337553024291992,
      -0.5361352562904358,
      -0.5280995965003967,
      -0.5276925563812256
    ],
    "epoch_mse_s1": [
      0.02202090248465538,
      0.015962159261107445,
      0.01314888708293438,
      0.01147300936281681,
      0.010414797812700272,
      0.009522631764411926,
      0.008867837488651276,
      0.00835487898439169,
      0.00791007187217474,
      0.007595333736389875,
      0.007227130234241486,
      0.006933250464498997,
      0.006729054264724255,
      0.006587857846170664,
      0.0063308971002697945,
      0.00616797199472785,
      0.006006923969835043,
      0.00583992013707757,
      0.00568400789052248,
      0.005516255274415016,
      0.005464936140924692,
      0.005346726160496473,
      0.00518347742035985,
      0.005142851732671261,
      0.005136909428983927,
      0.005052786320447922,
      0.004945989232510328,
      0.004803343676030636,
      0.004794177133589983,
      0.00469908956438303,
      0.004671811126172543,
      0.004615220241248608,
      0.004538366105407476,
      0.004462071228772402,
      0.0043893069960176945,
      0.00438068388029933,
      0.004301323089748621,
      0.004323988687247038,
      0.004211480729281902,
      0.004224325995892286,
      0.00421844981610775,
      0.004118527751415968,
      0.004127106163650751,
      0.0040781316347420216,
      0.004079925362020731,
      0.003992551937699318,
      0.003998093772679567,
      0.003985336981713772,
      0.003939782734960318,
      0.003930341452360153
    ],