{
  "hyperparameters": {
    "num_train_samples": 12000,
    "encoder_name": "granite",
    "target_layers": [
      128,
      8
    ],
    "predictor_layers": [
      128,
      8
    ],
    "normalize_embeddings": true,
    "concat_problem_answer": false,
    "num_epochs": 50,
    "learning_rate": 0.0001,
    "batch_size": 50,
    "device": "cuda",
    "seed": 42
  },
  "encoder_full_name": "ibm-granite/granite-embedding-english-r2",
  "timestamp": "20251118_060529",
  "training_logs": {
    "training_losses": [
      0.04040047169352571,
      0.01840025543157632,
      0.01408291757106781,
      0.01181059837108478,
      0.010377182896869877,
      0.009346443709606926,
      0.008572126608729984,
      0.00795170734054409,
      0.00742735499322104,
      0.007018560584401712,
      0.006646336601503814,
      0.00633540057654803,
      0.006060710822930559,
      0.005813586407263453,
      0.0056023077806457875,
      0.005396691007384409,
      0.005225761062077557,
      0.0050604590311801685,
      0.00491675734713984,
      0.00477795329837439,
      0.004644636466400698,
      0.0045182653275939325,
      0.004417423669171209,
      0.004318724900561695,
      0.004220455518225208,
      0.004121420883651202,
      0.004032474951236509,
      0.00394511978859858,
      0.003874513987102546,
      0.003799207997508347,
      0.00372801119228825,
      0.0036615091977485765,
      0.0036048394395038486,
      0.0035407685267273338,
      0.0034899045383402455,
      0.003433563985163346,
      0.0033902222329440217,
      0.0033359202197364842,
      0.003293185205742096,
      0.0032415509020211177,
      0.003197763412996816,
      0.0031590052181854843,
      0.0031208523044673107,
      0.003079031243881521,
      0.003046770635410212,
      0.003006155888821619,
      0.002978147474156382,
      0.002940150101009446,
      0.002911349903054846,
      0.0028860362275736407
    ],
    "epoch_rewards_s1": [
      -0.5891121029853821,
      -0.5547625422477722,
      -0.5383394360542297,
      -0.5333938598632812,
      -0.5191842913627625,
      -0.5120517015457153,
      -0.5050119161605835,
      -0.5038213133811951,
      -0.497100293636322,
      -0.49928316473960876,
      -0.492840439081192,
      -0.4764747619628906,
      -0.4817218780517578,
      -0.47173774242401123,
      -0.4653613865375519,
      -0.4710724651813507,
      -0.46521201729774475,
      -0.4532072842121124,
      -0.45919573307037354,
      -0.4536445438861847,
      -0.45938506722450256,
      -0.4449121654033661,
      -0.45536163449287415,
      -0.4559619724750519,
      -0.45128539204597473,
      -0.4472014904022217,
      -0.4466703236103058,
      -0.43629512190818787,
      -0.440574586391449,
      -0.4385136663913727,
      -0.4359496831893921,
      -0.4303630590438843,
      -0.4316767156124115,
      -0.41862189769744873,
      -0.41979026794433594,
      -0.4232398271560669,
      -0.4222007989883423,
      -0.4224819839000702,
      -0.4300099015235901,
      -0.4258332848548889,
      -0.41333433985710144,
      -0.417088121175766,
      -0.429065465927124,
      -0.42700517177581787,
      -0.4302413761615753,
      -0.41991281509399414,
      -0.40468889474868774,
      -0.41596144437789917,
      -0.4134840965270996,
      -0.4172980487346649
    ],
    "epoch_rewards_s3": [
      -0.550376296043396,
      -0.5054020285606384,
      -0.4742077589035034,
      -0.46380048990249634,
      -0.4364214241504669,
      -0.42950689792633057,
      -0.42182445526123047,
      -0.41553065180778503,
      -0.405338853597641,
      -0.4047664403915405,
      -0.391279399394989,
      -0.3880225718021393,
      -0.3828510642051697,
      -0.3856163024902344,
      -0.3779471516609192,
      -0.3745913505554199,
      -0.3743136525154114,
      -0.36660414934158325,
      -0.36972129344940186,
      -0.36344870924949646,
      -0.35972830653190613,
      -0.3368871212005615,
      -0.3485640287399292,
      -0.34372609853744507,
      -0.339610755443573,
      -0.3303602635860443,
      -0.3225189447402954,
      -0.3192373812198639,
      -0.31933021545410156,
      -0.30292171239852905,
      -0.30200234055519104,
      -0.302030473947525,
      -0.29882121086120605,
      -0.28449782729148865,
      -0.2797911465167999,
      -0.28492289781570435,
      -0.277276873588562,
      -0.26740527153015137,
      -0.2630786597728729,
      -0.2601311206817627,
      -0.24972136318683624,
      -0.24394336342811584,
      -0.24963267147541046,
      -0.2546449899673462,
      -0.24655166268348694,
      -0.24459509551525116,
      -0.22358457744121552,
      -0.2337023913860321,
      -0.2121787816286087,
      -0.21775144338607788
    ],
    "epoch_rewards_rand": [
      -0.6204766035079956,
      -0.5658698678016663,
      -0.5408229231834412,
      -0.5223629474639893,
      -0.5165038108825684,
      -0.507960319519043,
      -0.489048570394516,
      -0.47484350204467773,
      -0.4746803045272827,
      -0.47631728649139404,
      -0.4717973470687866,
      -0.4722048342227936,
      -0.4650668203830719,
      -0.45173490047454834,
      -0.4666939079761505,
      -0.47001874446868896,
      -0.4565766751766205,
      -0.46464988589286804,
      -0.45817434787750244,
      -0.4428139925003052,
      -0.4709937274456024,
      -0.435567170381546,
      -0.43834468722343445,
      -0.4369267225265503,
      -0.4411889910697937,
      -0.437576562166214,
      -0.4377719759941101,
      -0.4410805404186249,
      -0.44001147150993347,
      -0.44652262330055237,
      -0.4432237148284912,
      -0.4427179992198944,
      -0.43597444891929626,
      -0.42429283261299133,
      -0.43068230152130127,
      -0.43964385986328125,
      -0.44373053312301636,
      -0.43009933829307556,
      -0.4450596272945404,
      -0.43961265683174133,
      -0.4250130355358124,
      -0.42945799231529236,
      -0.4350741505622864,
      -0.4325462877750397,
      -0.4184403121471405,
      -0.4332955777645111,
      -0.4312799870967865,
      -0.43551206588745117,
      -0.4267338514328003,
      -0.432229608297348
    ],
    "epoch_mse_s1": [
      0.020316757261753082,
      0.014135153032839298,
      0.011355563998222351,
      0.009570342488586903,
      0.008581898175179958,
      0.007771519478410482,
      0.0071654245257377625,
      0.00659590121358633,
      0.006217844318598509,
      0.005773170851171017,
      0.005519355181604624,
      0.005450513679534197,
      0.0051012360490858555,
      0.0049955230206251144,
      0.004861121531575918,
      0.004586845636367798,
      0.004482078831642866,
      0.0044659520499408245,
      0.00423936964944005,
      0.004165166057646275,
      0.003967012744396925,
      0.004011983517557383,
      0.0037795258685946465,
      0.0036678402684628963,
      0.0036204527132213116,
      0.003570827655494213,
      0.003487788373604417,
      0.003511822782456875,
      0.0033873580396175385,
      0.0033324086107313633,
      0.003285815706476569,
      0.003271926660090685,
      0.003193021984770894,
      0.0032556133810430765,
      0.003183095483109355,
      0.003092055208981037,
      0.0030462576542049646,
      0.002990299602970481,
      0.0028707932215183973,
      0.002860013395547867,
      0.002924579894170165,
      0.0028453560080379248,
      0.0026966386940330267,
      0.00267304596491158,
      0.002605264773592353,
      0.002654697746038437,
      0.002745361067354679,
      0.002613483229652047,
      0.0025984912645071745,
      0.002532761078327894
    ],