{
  "hyperparameters": {
    "num_train_samples": 12000,
    "encoder_name": "gte",
    "target_layers": [
      256,
      64
    ],
    "predictor_layers": [
      256,
      64
    ],
    "normalize_embeddings": true,
    "concat_problem_answer": false,
    "num_epochs": 50,
    "learning_rate": 0.0001,
    "batch_size": 50,
    "device": "cuda",
    "seed": 42
  },
  "encoder_full_name": "Alibaba-NLP/gte-modernbert-base",
  "timestamp": "20251118_124017",
  "training_logs": {
    "training_losses": [
      0.04296333444459985,
      0.02322769387004276,
      0.01820056556413571,
      0.015534178004600108,
      0.013827922587127735,
      0.012632469631110628,
      0.01175491533940658,
      0.011070692822492371,
      0.010527003176199893,
      0.010077069292310625,
      0.009699682437349111,
      0.009374441602267325,
      0.009097233635839076,
      0.00884887429807956,
      0.008632536121876911,
      0.008435081378168736,
      0.008265209995443001,
      0.008099121976799021,
      0.007949960988480598,
      0.007818575954297557,
      0.007689779315842316,
      0.007572401953317846,
      0.007461720869954055,
      0.0073628879094030705,
      0.007263953029178083,
      0.007171397083826984,
      0.00708410867373459,
      0.0070065463311038915,
      0.006922936224145815,
      0.006851724424632266,
      0.006775538611691445,
      0.006709911810078969,
      0.006645209412090481,
      0.006579997047083452,
      0.0065246250984879834,
      0.006463244047093516,
      0.006406785545793051,
      0.006350244467224305,
      0.0063006559076408545,
      0.006247001409064978,
      0.006194401935984691,
      0.006145759491482749,
      0.006096943541585157,
      0.006052807625383139,
      0.006003591228121271,
      0.0059590587896915775,
      0.005917503252082194,
      0.0058736259758006785,
      0.005829297116724775,
      0.005788952069512258
    ],
    "epoch_rewards_s1": [
      -0.7991246581077576,
      -0.7612079381942749,
      -0.7294670939445496,
      -0.6976229548454285,
      -0.6730706691741943,
      -0.6473482251167297,
      -0.630495548248291,
      -0.6179952025413513,
      -0.6040622591972351,
      -0.5927982330322266,
      -0.5824143290519714,
      -0.5742746591567993,
      -0.5676116943359375,
      -0.5589877963066101,
      -0.5538517832756042,
      -0.5470743179321289,
      -0.5454028844833374,
      -0.5473840832710266,
      -0.5363708138465881,
      -0.5315897464752197,
      -0.5238211750984192,
      -0.5218976736068726,
      -0.5215993523597717,
      -0.5246873497962952,
      -0.5129966735839844,
      -0.5108559131622314,
      -0.5095109343528748,
      -0.5045369267463684,
      -0.5009756684303284,
      -0.5150067806243896,
      -0.5063334703445435,
      -0.5030590891838074,
      -0.5021122694015503,
      -0.495772123336792,
      -0.500187873840332,
      -0.4963904321193695,
      -0.49969395995140076,
      -0.4912913143634796,
      -0.49344953894615173,
      -0.49061670899391174,
      -0.4947320520877838,
      -0.4959545135498047,
      -0.4975629448890686,
      -0.49797323346138,
      -0.49539512395858765,
      -0.49809524416923523,
      -0.4958484470844269,
      -0.4906417727470398,
      -0.49094995856285095,
      -0.49351441860198975
    ],
    "epoch_rewards_s3": [
      -0.7915948033332825,
      -0.745077908039093,
      -0.7123474478721619,
      -0.6812426447868347,
      -0.6520456671714783,
      -0.6282600164413452,
      -0.6046817302703857,
      -0.5835716724395752,
      -0.5643025636672974,
      -0.5481767654418945,
      -0.5277702212333679,
      -0.5124771595001221,
      -0.5055288076400757,
      -0.49449774622917175,
      -0.48409658670425415,
      -0.4682769775390625,
      -0.4660513997077942,
      -0.4570331573486328,
      -0.4477561414241791,
      -0.44183969497680664,
      -0.4302891492843628,
      -0.423848032951355,
      -0.4260581433773041,
      -0.4118095934391022,
      -0.4094165563583374,
      -0.40685710310935974,
      -0.39597320556640625,
      -0.39500898122787476,
      -0.3793672025203705,
      -0.3952310085296631,
      -0.38605186343193054,
      -0.3821316361427307,
      -0.3738345205783844,
      -0.3644576966762543,
      -0.36554649472236633,
      -0.364981085062027,
      -0.3619166612625122,
      -0.35964667797088623,
      -0.3540939688682556,
      -0.3530139923095703,
      -0.3569832444190979,
      -0.3528515100479126,
      -0.34752777218818665,
      -0.35217583179473877,
      -0.3479907214641571,
      -0.3491394817829132,
      -0.34374552965164185,
      -0.34466782212257385,
      -0.33781853318214417,
      -0.3386705815792084
    ],
    "epoch_rewards_rand": [
      -0.7832722067832947,
      -0.756552517414093,
      -0.7287330627441406,
      -0.7186651229858398,
      -0.6979278922080994,
      -0.6838066577911377,
      -0.6684472560882568,
      -0.6574685573577881,
      -0.647726833820343,
      -0.6319780349731445,
      -0.6173815131187439,
      -0.6113290786743164,
      -0.6027063131332397,
      -0.5957480072975159,
      -0.5896035432815552,
      -0.5811456441879272,
      -0.5771502256393433,
      -0.5657290816307068,
      -0.5710356831550598,
      -0.5587281584739685,
      -0.5570504665374756,
      -0.5534538626670837,
      -0.5547425150871277,
      -0.5551056861877441,
      -0.5399598479270935,
      -0.549524188041687,
      -0.5453813672065735,
      -0.5440349578857422,
      -0.5415380597114563,
      -0.5345346927642822,
      -0.5401323437690735,
      -0.5365328192710876,
      -0.5360852479934692,
      -0.5265154242515564,
      -0.5281554460525513,
      -0.534788966178894,
      -0.5277782082557678,
      -0.526263415813446,
      -0.5316191911697388,
      -0.5239863991737366,
      -0.5206270217895508,
      -0.523273229598999,
      -0.5205287933349609,
      -0.525705873966217,
      -0.5205396413803101,
      -0.524721086025238,
      -0.516353189945221,
      -0.5209771990776062,
      -0.5261742472648621,
      -0.512004554271698
    ],
    "epoch_mse_s1": [
      0.027055343613028526,
      0.019534515216946602,
      0.016160795465111732,
      0.014262323267757893,
      0.012962975539267063,
      0.012088167481124401,
      0.011352366767823696,
      0.01074040587991476,
      0.010277166962623596,
      0.009876672178506851,
      0.009539463557302952,
      0.009233895689249039,
      0.008959020487964153,
      0.00874341744929552,
      0.008521676063537598,
      0.008343497291207314,
      0.008135906420648098,
      0.007911969907581806,
      0.007833429612219334,
      0.007707326207309961,
      0.007621391676366329,
      0.007490943651646376,
      0.00735573610290885,
      0.007199727930128574,
      0.007183984387665987,
      0.007089361548423767,
      0.006994213908910751,
      0.006936130579560995,
      0.006870510056614876,
      0.006663105450570583,
      0.00664964085444808,
      0.006595046259462833,
      0.0065251300111413,
      0.006501499097794294,
      0.006395700853317976,
      0.006357618607580662,
      0.00626705028116703,
      0.00626902561634779,
      0.006192443892359734,
      0.006155849434435368,
      0.006069334223866463,
      0.0060066902078688145,
      0.005943232215940952,
      0.005890486296266317,
      0.005860803183168173,
      0.00579474912956357,
      0.005765498150140047,
      0.005758107639849186,
      0.005712992046028376,
      0.0056535545736551285
    ],