{
  "hyperparameters": {
    "num_train_samples": 12000,
    "encoder_name": "gte",
    "target_layers": [
      128,
      8
    ],
    "predictor_layers": [
      128,
      8
    ],
    "normalize_embeddings": true,
    "concat_problem_answer": false,
    "num_epochs": 50,
    "learning_rate": 0.0001,
    "batch_size": 50,
    "device": "cuda",
    "seed": 42
  },
  "encoder_full_name": "Alibaba-NLP/gte-modernbert-base",
  "timestamp": "20251118_053830",
  "training_logs": {
    "training_losses": [
      0.03961843539339801,
      0.01870504767090703,
      0.014433412812650204,
      0.012220231040070454,
      0.010784988190668325,
      0.009768769890069962,
      0.008993055106839166,
      0.00837622483765396,
      0.00787898805574514,
      0.007458925602259114,
      0.007088912404530371,
      0.006778473447775468,
      0.006500161644847443,
      0.006253421692720925,
      0.006034946699704354,
      0.005823844970048716,
      0.005644079544193422,
      0.005460039745472992,
      0.005312750537026053,
      0.005170078288453321,
      0.0050364653890331585,
      0.004913105970869461,
      0.004802630168463414,
      0.00469000952046675,
      0.004590787873409378,
      0.004492689687564658,
      0.004402153798340199,
      0.004316322900316057,
      0.004228771387715824,
      0.004154252149358702,
      0.004087511905042144,
      0.00402371810147694,
      0.0039560976263601335,
      0.003889735014915156,
      0.0038357412287344534,
      0.0037775558594148606,
      0.003720920509658754,
      0.003668169593826557,
      0.0036207762294604134,
      0.0035682645034588252,
      0.003532263030259249,
      0.0034829766276137284,
      0.0034463965023557347,
      0.0033980488068967437,
      0.0033599360719866428,
      0.003321192952959488,
      0.003283410193398595,
      0.0032486976948954784,
      0.003213726134466318,
      0.003179233998525888
    ],
    "epoch_rewards_s1": [
      -0.582774817943573,
      -0.5478171706199646,
      -0.5194926857948303,
      -0.5075685977935791,
      -0.4965168535709381,
      -0.4664965569972992,
      -0.4703626036643982,
      -0.45990800857543945,
      -0.46600914001464844,
      -0.45550864934921265,
      -0.4465979337692261,
      -0.4552687108516693,
      -0.44335490465164185,
      -0.43938109278678894,
      -0.436185747385025,
      -0.44756197929382324,
      -0.443420946598053,
      -0.435667484998703,
      -0.42646217346191406,
      -0.4355926513671875,
      -0.42926618456840515,
      -0.4278663396835327,
      -0.43373313546180725,
      -0.4335266649723053,
      -0.42800918221473694,
      -0.4226455092430115,
      -0.42398202419281006,
      -0.4263644814491272,
      -0.42276471853256226,
      -0.4173564910888672,
      -0.41260257363319397,
      -0.41545677185058594,
      -0.4158460795879364,
      -0.4139018654823303,
      -0.4150274693965912,
      -0.4027453660964966,
      -0.41705912351608276,
      -0.41805803775787354,
      -0.4077204763889313,
      -0.40749311447143555,
      -0.40170934796333313,
      -0.4095049202442169,
      -0.39824458956718445,
      -0.3983187675476074,
      -0.4059482514858246,
      -0.3959943652153015,
      -0.40048012137413025,
      -0.40572983026504517,
      -0.40085726976394653,
      -0.39668968319892883
    ],
    "epoch_rewards_s3": [
      -0.5550413131713867,
      -0.5031295418739319,
      -0.46724218130111694,
      -0.4514094591140747,
      -0.4392452836036682,
      -0.40033823251724243,
      -0.397022545337677,
      -0.3790397047996521,
      -0.37646350264549255,
      -0.34730425477027893,
      -0.348001092672348,
      -0.3439054787158966,
      -0.3206915855407715,
      -0.31541264057159424,
      -0.31462278962135315,
      -0.3162058889865875,
      -0.3136858642101288,
      -0.30903613567352295,
      -0.30561548471450806,
      -0.30455470085144043,
      -0.29407453536987305,
      -0.2864716351032257,
      -0.2943229675292969,
      -0.28067833185195923,
      -0.2788954973220825,
      -0.27391669154167175,
      -0.2752148509025574,
      -0.25427380204200745,
      -0.25667908787727356,
      -0.25529083609580994,
      -0.2438686341047287,
      -0.24365904927253723,
      -0.2343350201845169,
      -0.24665717780590057,
      -0.24176059663295746,
      -0.20920398831367493,
      -0.22341063618659973,
      -0.22378991544246674,
      -0.21341706812381744,
      -0.23229560256004333,
      -0.2056025266647339,
      -0.20785899460315704,
      -0.19909122586250305,
      -0.19192096590995789,
      -0.19404453039169312,
      -0.17949678003787994,
      -0.18050256371498108,
      -0.16719314455986023,
      -0.189639151096344,
      -0.1481308937072754
    ],
    "epoch_rewards_rand": [
      -0.5753816366195679,
      -0.5285704135894775,
      -0.5136960744857788,
      -0.4924750328063965,
      -0.4859960377216339,
      -0.4699944853782654,
      -0.46001914143562317,
      -0.4562393128871918,
      -0.4517574906349182,
      -0.44044730067253113,
      -0.43895286321640015,
      -0.42786261439323425,
      -0.4176858365535736,
      -0.4439237117767334,
      -0.43401002883911133,
      -0.430067777633667,
      -0.44042158126831055,
      -0.4280414581298828,
      -0.43522751331329346,
      -0.4262634515762329,
      -0.42680251598358154,
      -0.4223621189594269,
      -0.42196953296661377,
      -0.43274733424186707,
      -0.4206659197807312,
      -0.42956969141960144,
      -0.430612176656723,
      -0.4255458116531372,
      -0.4228012263774872,
      -0.4118136763572693,
      -0.42136603593826294,
      -0.4206307828426361,
      -0.42277806997299194,
      -0.42289599776268005,
      -0.4189046621322632,
      -0.41094809770584106,
      -0.41454634070396423,
      -0.4130905568599701,
      -0.41781356930732727,
      -0.4233558177947998,
      -0.4166082739830017,
      -0.4162066578865051,
      -0.42871060967445374,
      -0.42324766516685486,
      -0.4066459834575653,
      -0.4208747446537018,
      -0.4200415015220642,
      -0.42518317699432373,
      -0.4122975766658783,
      -0.42359182238578796
    ],
    "epoch_mse_s1": [
      0.021073944866657257,
      0.014968397095799446,
      0.01244120579212904,
      0.010767193511128426,
      0.009662306867539883,
      0.00922518689185381,
      0.008378787897527218,
      0.007925339974462986,
      0.007311692461371422,
      0.007035108748823404,
      0.00678617600351572,
      0.006334054749459028,
      0.006207287311553955,
      0.005999444518238306,
      0.005806175526231527,
      0.005450845696032047,
      0.005311225540935993,
      0.005228032823652029,
      0.00517280213534832,
      0.004915526136755943,
      0.004847439471632242,
      0.004732112865895033,
      0.004546248819679022,
      0.004435016307979822,
      0.0043867663480341434,
      0.004341348074376583,
      0.004231604747474194,
      0.0041169519536197186,
      0.00406697066500783,
      0.004038234706968069,
      0.004006146918982267,
      0.0039041012059897184,
      0.0038294068071991205,
      0.0037796972319483757,
      0.003704451024532318,
      0.0037545652594417334,
      0.003564683021977544,
      0.0034989716950803995,
      0.0035360055044293404,
      0.0034847205970436335,
      0.00348387542180717,
      0.0033672526478767395,
      0.0034159214701503515,
      0.003368817735463381,
      0.003260277444496751,
      0.0032999441027641296,
      0.0032210908830165863,
      0.0031380513682961464,
      0.0031387011986225843,
      0.0031342830043286085
    ],