{
  "hyperparameters": {
    "num_train_samples": 12000,
    "encoder_name": "gte",
    "target_layers": [
      512,
      64
    ],
    "predictor_layers": [
      512,
      64
    ],
    "normalize_embeddings": true,
    "concat_problem_answer": false,
    "num_epochs": 50,
    "learning_rate": 0.0001,
    "batch_size": 50,
    "device": "cuda",
    "seed": 42
  },
  "encoder_full_name": "Alibaba-NLP/gte-modernbert-base",
  "timestamp": "20251118_054053",
  "training_logs": {
    "training_losses": [
      0.03714521685615182,
      0.01929970223767062,
      0.015151201840490102,
      0.01299753791342179,
      0.011631174319578956,
      0.010667587673136343,
      0.00994333263176183,
      0.009367726203830291,
      0.008900774483724188,
      0.008510947508815056,
      0.008178709187389662,
      0.007884854062770804,
      0.007633402283924322,
      0.00740615040413104,
      0.007207804774710288,
      0.00702527675506038,
      0.006864705497476583,
      0.006715877610258758,
      0.0065790605343257385,
      0.006453744805185124,
      0.006336658773943782,
      0.006232415339521443,
      0.006129512144252658,
      0.006031229009386152,
      0.0059456968291973075,
      0.005864349139543871,
      0.005786098103271797,
      0.005713965163643782,
      0.005641748003351192,
      0.005580163011715437,
      0.005515243846457451,
      0.005459865784117331,
      0.0054019425879232585,
      0.005346893924676503,
      0.005297969079886874,
      0.005246539984364062,
      0.005201974066828067,
      0.005152481532422826,
      0.0051143992013142755,
      0.0050734740837166704,
      0.005032313168824961,
      0.004994596930919215,
      0.0049599223285137365,
      0.004925702520025273,
      0.0048933252187756205,
      0.004859349315908427,
      0.004831056430703029,
      0.004796209750929847,
      0.004768354344802598,
      0.0047442356299143285
    ],
    "epoch_rewards_s1": [
      -0.754602313041687,
      -0.7060874700546265,
      -0.675396203994751,
      -0.6585840582847595,
      -0.6346293687820435,
      -0.625964343547821,
      -0.6146546602249146,
      -0.607787013053894,
      -0.5926994681358337,
      -0.5803945660591125,
      -0.5781996846199036,
      -0.5779199600219727,
      -0.5554143190383911,
      -0.5560665726661682,
      -0.5502932071685791,
      -0.5379111170768738,
      -0.5425639748573303,
      -0.5358941555023193,
      -0.5301707983016968,
      -0.5373262763023376,
      -0.5298759937286377,
      -0.5377565622329712,
      -0.5258697271347046,
      -0.5187692642211914,
      -0.5208740234375,
      -0.5199582576751709,
      -0.5125357508659363,
      -0.5173105597496033,
      -0.509403645992279,
      -0.511531412601471,
      -0.5070691704750061,
      -0.5076560974121094,
      -0.49550414085388184,
      -0.4944764971733093,
      -0.5050275921821594,
      -0.49385106563568115,
      -0.4995113015174866,
      -0.4916546642780304,
      -0.4862380623817444,
      -0.48109403252601624,
      -0.4878920614719391,
      -0.4910205006599426,
      -0.4787885546684265,
      -0.4861081838607788,
      -0.481902539730072,
      -0.4843548536300659,
      -0.4837777614593506,
      -0.482811838388443,
      -0.4776594042778015,
      -0.47572067379951477
    ],
    "epoch_rewards_s3": [
      -0.7868773341178894,
      -0.7049136161804199,
      -0.6549752950668335,
      -0.6215798854827881,
      -0.58723384141922,
      -0.5696714520454407,
      -0.5478764772415161,
      -0.5378932952880859,
      -0.5149183869361877,
      -0.5004819631576538,
      -0.4951641857624054,
      -0.48380619287490845,
      -0.4653775990009308,
      -0.455722838640213,
      -0.4481797218322754,
      -0.4302711486816406,
      -0.43513602018356323,
      -0.4153420031070709,
      -0.4125654399394989,
      -0.4060662090778351,
      -0.3974480628967285,
      -0.40082964301109314,
      -0.38689467310905457,
      -0.3751072287559509,
      -0.3754112124443054,
      -0.36650556325912476,
      -0.35719358921051025,
      -0.3596915304660797,
      -0.33508795499801636,
      -0.33929842710494995,
      -0.33585143089294434,
      -0.330499529838562,
      -0.3114188313484192,
      -0.3094988465309143,
      -0.312796026468277,
      -0.295526385307312,
      -0.28985166549682617,
      -0.2819192111492157,
      -0.26898476481437683,
      -0.26984432339668274,
      -0.27161985635757446,
      -0.26341134309768677,
      -0.24980425834655762,
      -0.2508707046508789,
      -0.2454238384962082,
      -0.23452690243721008,
      -0.23745697736740112,
      -0.2300964891910553,
      -0.2138933539390564,
      -0.21553277969360352
    ],
    "epoch_rewards_rand": [
      -0.8162131905555725,
      -0.7565345764160156,
      -0.7252208590507507,
      -0.7024196982383728,
      -0.6774245500564575,
      -0.6640041470527649,
      -0.6539356708526611,
      -0.6437382102012634,
      -0.6328098773956299,
      -0.6189082264900208,
      -0.615464448928833,
      -0.6083549857139587,
      -0.599277138710022,
      -0.5949981808662415,
      -0.5853527188301086,
      -0.5899842977523804,
      -0.5886244177818298,
      -0.5866230130195618,
      -0.580902099609375,
      -0.5793672204017639,
      -0.5826106667518616,
      -0.5785302519798279,
      -0.5692506432533264,
      -0.5717585682868958,
      -0.5679194331169128,
      -0.5731816291809082,
      -0.5662745833396912,
      -0.5652285814285278,
      -0.5614175796508789,
      -0.5611525774002075,
      -0.5528674721717834,
      -0.5583729147911072,
      -0.5548287630081177,
      -0.5582322478294373,
      -0.5511549115180969,
      -0.547580361366272,
      -0.5498180389404297,
      -0.556294322013855,
      -0.5498887300491333,
      -0.5452482104301453,
      -0.5530185699462891,
      -0.5372189879417419,
      -0.5463706254959106,
      -0.5443636775016785,
      -0.5384947061538696,
      -0.5433417558670044,
      -0.5446085333824158,
      -0.5354801416397095,
      -0.527477502822876,
      -0.5288716554641724
    ],
    "epoch_mse_s1": [
      0.02286919578909874,
      0.016562720760703087,
      0.013734563253819942,
      0.01198363397270441,
      0.010943088680505753,
      0.010047410614788532,
      0.009406321682035923,
      0.008860860951244831,
      0.00851233210414648,
      0.008206844329833984,
      0.007853620685636997,
      0.007529914379119873,
      0.007463183254003525,
      0.007198462262749672,
      0.007021581754088402,
      0.006925438065081835,
      0.00669313408434391,
      0.006578252650797367,
      0.006467738188803196,
      0.0062600597739219666,
      0.006186417303979397,
      0.005996218416839838,
      0.005974982865154743,
      0.005920739844441414,
      0.005800573620945215,
      0.0057104965671896935,
      0.005675224121659994,
      0.005552791990339756,
      0.005529419053345919,
      0.005436146631836891,
      0.005394595675170422,
      0.005320288240909576,
      0.005339037161320448,
      0.005281665362417698,
      0.00514750462025404,
      0.005165553651750088,
      0.005071123596280813,
      0.005069986451417208,
      0.005054089706391096,
      0.005037850700318813,
      0.004945372696965933,
      0.0048791877925395966,
      0.004913154523819685,
      0.004823772702366114,
      0.004809072706848383,
      0.004753932356834412,
      0.004719214979559183,
      0.00468801474198699,
      0.0046834456734359264,
      0.004660302773118019
    ],