{
  "hyperparameters": {
    "num_train_samples": 12000,
    "encoder_name": "granite",
    "target_layers": [
      256,
      64
    ],
    "predictor_layers": [
      512,
      256,
      64
    ],
    "normalize_embeddings": true,
    "concat_problem_answer": false,
    "num_epochs": 50,
    "learning_rate": 0.0001,
    "batch_size": 50,
    "device": "cuda",
    "seed": 42
  },
  "encoder_full_name": "ibm-granite/granite-embedding-english-r2",
  "timestamp": "20251118_062246",
  "training_logs": {
    "training_losses": [
      0.02853924665444841,
      0.016291655541863292,
      0.012633899820502847,
      0.010791275398029635,
      0.009645324444863945,
      0.008845394232776017,
      0.008235303555071976,
      0.007757257720610747,
      0.007374727784190327,
      0.007039873094375555,
      0.006761318658633778,
      0.006510741306313624,
      0.006291424547089264,
      0.006092642981093377,
      0.005917810743752246,
      0.005748807805745552,
      0.005602767881161223,
      0.005465020124878113,
      0.005341125399960826,
      0.005218109441921115,
      0.005109631466136004,
      0.005011478906574969,
      0.004916676155213888,
      0.004825259929445261,
      0.004733507216830427,
      0.0046607740805484354,
      0.004584596009226516,
      0.00451083392642128,
      0.004440368265689661,
      0.0043779354591000205,
      0.004313570943001347,
      0.004248372771932433,
      0.004192791146730694,
      0.0041396098356926815,
      0.004089727368166981,
      0.00403894369082991,
      0.0039862304945321135,
      0.0039442155801225455,
      0.0038969522691331806,
      0.0038564372070444128,
      0.0038148444010100016,
      0.003774420941287341,
      0.0037359333199371274,
      0.003697521606227383,
      0.0036644145662042622,
      0.003630393220616194,
      0.0035903302176545065,
      0.0035540283415078497,
      0.003527721848998529,
      0.0034988734065943086
    ],
    "epoch_rewards_s1": [
      -0.7470704317092896,
      -0.7723298668861389,
      -0.7406355142593384,
      -0.7234168648719788,
      -0.6942054629325867,
      -0.6741033792495728,
      -0.6519504189491272,
      -0.6456271409988403,
      -0.6468893885612488,
      -0.6363319754600525,
      -0.6191065907478333,
      -0.6267778873443604,
      -0.6180769205093384,
      -0.6176429986953735,
      -0.6182174682617188,
      -0.6181908249855042,
      -0.6049119234085083,
      -0.6077866554260254,
      -0.6037949919700623,
      -0.5988574028015137,
      -0.5973159670829773,
      -0.5921221971511841,
      -0.59977787733078,
      -0.5972042083740234,
      -0.6055221557617188,
      -0.5993281602859497,
      -0.5945402979850769,
      -0.594422459602356,
      -0.5937385559082031,
      -0.5913487672805786,
      -0.5956201553344727,
      -0.5907891392707825,
      -0.5949443578720093,
      -0.5903900265693665,
      -0.5839369297027588,
      -0.5769986510276794,
      -0.5939253568649292,
      -0.57809978723526,
      -0.5850754380226135,
      -0.5903856754302979,
      -0.5808663964271545,
      -0.5927015542984009,
      -0.5817418098449707,
      -0.5893425345420837,
      -0.5865712761878967,
      -0.5839566588401794,
      -0.5870499014854431,
      -0.5876494646072388,
      -0.585462749004364,
      -0.5874049663543701
    ],
    "epoch_rewards_s3": [
      -0.7428900599479675,
      -0.7381426692008972,
      -0.6980726718902588,
      -0.666104257106781,
      -0.6203969717025757,
      -0.6015795469284058,
      -0.5700122117996216,
      -0.5621316432952881,
      -0.5524212718009949,
      -0.5368900299072266,
      -0.5084782838821411,
      -0.5127333998680115,
      -0.49981027841567993,
      -0.49294760823249817,
      -0.48747512698173523,
      -0.48300841450691223,
      -0.4726700782775879,
      -0.47809988260269165,
      -0.45986276865005493,
      -0.44628360867500305,
      -0.4421771466732025,
      -0.4439867436885834,
      -0.42987000942230225,
      -0.4188356399536133,
      -0.42030447721481323,
      -0.4089442491531372,
      -0.4060577154159546,
      -0.4049331545829773,
      -0.3995935618877411,
      -0.39560404419898987,
      -0.3997139632701874,
      -0.3805926740169525,
      -0.38501253724098206,
      -0.3671048581600189,
      -0.35846081376075745,
      -0.3575573265552521,
      -0.3637872338294983,
      -0.34672194719314575,
      -0.3521113395690918,
      -0.335767537355423,
      -0.3289157748222351,
      -0.3378635346889496,
      -0.3260383903980255,
      -0.3264722228050232,
      -0.31206125020980835,
      -0.31708022952079773,
      -0.31248950958251953,
      -0.3125271797180176,
      -0.30315685272216797,
      -0.2998763620853424
    ],
    "epoch_rewards_rand": [
      -0.8215453624725342,
      -0.8197451829910278,
      -0.7834769487380981,
      -0.7484539747238159,
      -0.7176680564880371,
      -0.7087065577507019,
      -0.6868347525596619,
      -0.6855639219284058,
      -0.663450300693512,
      -0.6705963015556335,
      -0.6557205319404602,
      -0.6591508388519287,
      -0.6594426035881042,
      -0.6495934724807739,
      -0.650734007358551,
      -0.6397014260292053,
      -0.6364898681640625,
      -0.6387530565261841,
      -0.6363396048545837,
      -0.6431095004081726,
      -0.6410209536552429,
      -0.643268883228302,
      -0.6302444934844971,
      -0.6323067545890808,
      -0.636683464050293,
      -0.6223387718200684,
      -0.6242994070053101,
      -0.6192894577980042,
      -0.6283094882965088,
      -0.6222978234291077,
      -0.6318142414093018,
      -0.6165093779563904,
      -0.6353701949119568,
      -0.6182428002357483,
      -0.6241461634635925,
      -0.6217213273048401,
      -0.61781907081604,
      -0.6150182485580444,
      -0.6116923093795776,
      -0.6142736673355103,
      -0.6103793382644653,
      -0.6166586875915527,
      -0.6174116134643555,
      -0.608601450920105,
      -0.6166559457778931,
      -0.6167583465576172,
      -0.606605052947998,
      -0.6074333786964417,
      -0.6008033752441406,
      -0.6125344038009644
    ],
    "epoch_mse_s1": [
      0.019313108175992966,
      0.01370156742632389,
      0.011355233378708363,
      0.009877112694084644,
      0.009023004211485386,
      0.008367159403860569,
      0.007906942628324032,
      0.007431913632899523,
      0.00698733888566494,
      0.006705102976411581,
      0.006522824987769127,
      0.006189174018800259,
      0.00601086625829339,
      0.005797687452286482,
      0.005599929951131344,
      0.005424527917057276,
      0.005354215390980244,
      0.005187659058719873,
      0.00507828826084733,
      0.004984006285667419,
      0.004876547958701849,
      0.004799691494554281,
      0.004650743678212166,
      0.004570979159325361,
      0.004431458190083504,
      0.004383896477520466,
      0.004331951029598713,
      0.004256800748407841,
      0.0041886563412845135,
      0.0041336906142532825,
      0.004044754896312952,
      0.004008985590189695,
      0.0039268252439796925,
      0.0038945255801081657,
      0.003874358721077442,
      0.003858324605971575,
      0.003719034604728222,
      0.003752861637622118,
      0.003670093836262822,
      0.0035982285626232624,
      0.0036031948402523994,
      0.0035021149087697268,
      0.0035165029112249613,
      0.003440022934228182,
      0.0034161447547376156,
      0.0033925527241081,
      0.003342266660183668,
      0.0033051222562789917,
      0.0032824294175952673,
      0.0032411825377494097
    ],