{
  "hyperparameters": {
    "num_train_samples": 12000,
    "encoder_name": "granite",
    "target_layers": [
      128,
      8
    ],
    "predictor_layers": [
      256,
      8
    ],
    "normalize_embeddings": true,
    "concat_problem_answer": false,
    "num_epochs": 50,
    "learning_rate": 0.0001,
    "batch_size": 50,
    "device": "cuda",
    "seed": 42
  },
  "encoder_full_name": "ibm-granite/granite-embedding-english-r2",
  "timestamp": "20251118_062847",
  "training_logs": {
    "training_losses": [
      0.03447629829558233,
      0.01580374313828846,
      0.012019220720200488,
      0.009988848011319836,
      0.008647643093718215,
      0.007680158474249766,
      0.00694340179907158,
      0.006365283182822168,
      0.0058760838427891334,
      0.005467570673984786,
      0.0051323106163181365,
      0.004825330993238216,
      0.0045593364125428104,
      0.004323027367354371,
      0.004104650581333165,
      0.0039097726762217155,
      0.003733016364276409,
      0.003579172421207962,
      0.0034280230339694146,
      0.0032974831682319444,
      0.0031688976023967067,
      0.0030628378270193936,
      0.0029486275161616504,
      0.002853679916006513,
      0.002753894263878465,
      0.0026838885387405753,
      0.0025969679001718758,
      0.002515207270820004,
      0.002447991045482922,
      0.002368926078391572,
      0.0023057996780456356,
      0.002252405244992891,
      0.002185776916545971,
      0.002134662537234059,
      0.002082643638520191,
      0.0020332348848266218,
      0.0019821846168876314,
      0.0019436075745034032,
      0.0019032338081160561,
      0.0018555570937072237,
      0.001817445932344223,
      0.0017819014625274575,
      0.0017505248377953345,
      0.0017182481213239952,
      0.001678143440706966,
      0.001650103655993007,
      0.0016152554201350237,
      0.0015948437668460733,
      0.0015602003850896532,
      0.0015352948617267733
    ],
    "epoch_rewards_s1": [
      -0.5612040758132935,
      -0.5092097520828247,
      -0.5128902196884155,
      -0.5008760690689087,
      -0.5002738237380981,
      -0.49336788058280945,
      -0.48355764150619507,
      -0.49421125650405884,
      -0.48808783292770386,
      -0.49384111166000366,
      -0.48821884393692017,
      -0.49078482389450073,
      -0.4782286584377289,
      -0.4835166335105896,
      -0.4864824116230011,
      -0.4739599823951721,
      -0.4848557412624359,
      -0.47741979360580444,
      -0.4791586995124817,
      -0.47849100828170776,
      -0.4734475314617157,
      -0.4771943688392639,
      -0.46193400025367737,
      -0.4751429557800293,
      -0.4587055742740631,
      -0.4477255940437317,
      -0.45484596490859985,
      -0.4526176452636719,
      -0.44505050778388977,
      -0.45626670122146606,
      -0.443180114030838,
      -0.4358106255531311,
      -0.4449097216129303,
      -0.44448819756507874,
      -0.4446016550064087,
      -0.43658241629600525,
      -0.4332113265991211,
      -0.43753015995025635,
      -0.4439668655395508,
      -0.45451200008392334,
      -0.43891817331314087,
      -0.4351402819156647,
      -0.43201056122779846,
      -0.4370673596858978,
      -0.42845678329467773,
      -0.4326717257499695,
      -0.4239708185195923,
      -0.430887371301651,
      -0.4307861626148224,
      -0.4210459887981415
    ],
    "epoch_rewards_s3": [
      -0.5519548654556274,
      -0.4832204580307007,
      -0.4868002235889435,
      -0.4611697196960449,
      -0.461753249168396,
      -0.46584516763687134,
      -0.4436846077442169,
      -0.46126455068588257,
      -0.44125497341156006,
      -0.4331473410129547,
      -0.43372058868408203,
      -0.434162974357605,
      -0.41680532693862915,
      -0.4254811108112335,
      -0.4061700403690338,
      -0.40072569251060486,
      -0.39745092391967773,
      -0.38382694125175476,
      -0.37820014357566833,
      -0.3735155463218689,
      -0.3697754442691803,
      -0.360158234834671,
      -0.33818790316581726,
      -0.33566710352897644,
      -0.3205264210700989,
      -0.31194746494293213,
      -0.3078959882259369,
      -0.3105096220970154,
      -0.3059731125831604,
      -0.29267552495002747,
      -0.2972758114337921,
      -0.2738385796546936,
      -0.2670193910598755,
      -0.275221586227417,
      -0.2595522105693817,
      -0.2512551546096802,
      -0.23617832362651825,
      -0.24492721259593964,
      -0.2514159083366394,
      -0.24385963380336761,
      -0.22523166239261627,
      -0.2074657529592514,
      -0.22676104307174683,
      -0.20491798222064972,
      -0.2109992355108261,
      -0.19197648763656616,
      -0.18792624771595,
      -0.20766286551952362,
      -0.19701647758483887,
      -0.17733466625213623
    ],
    "epoch_rewards_rand": [
      -0.5658774971961975,
      -0.524495005607605,
      -0.500169575214386,
      -0.5021433234214783,
      -0.5005423426628113,
      -0.48371410369873047,
      -0.4929308295249939,
      -0.4852783977985382,
      -0.483532577753067,
      -0.4693140685558319,
      -0.4824582040309906,
      -0.4703100025653839,
      -0.4761367440223694,
      -0.4783300757408142,
      -0.4689239263534546,
      -0.48067420721054077,
      -0.48047277331352234,
      -0.4831087291240692,
      -0.4993343949317932,
      -0.4755580723285675,
      -0.4676630198955536,
      -0.4776182472705841,
      -0.46567755937576294,
      -0.46899256110191345,
      -0.48314496874809265,
      -0.46679967641830444,
      -0.4766753315925598,
      -0.4716265797615051,
      -0.47825857996940613,
      -0.4575001001358032,
      -0.4601637125015259,
      -0.46327200531959534,
      -0.452923446893692,
      -0.45969900488853455,
      -0.4619433581829071,
      -0.4561884105205536,
      -0.44630858302116394,
      -0.4517553150653839,
      -0.45022010803222656,
      -0.4443506598472595,
      -0.4576147496700287,
      -0.4410187304019928,
      -0.4532390534877777,
      -0.4434434473514557,
      -0.4302288591861725,
      -0.4423236846923828,
      -0.4404045641422272,
      -0.42822501063346863,
      -0.4311179220676422,
      -0.43603381514549255
    ],
    "epoch_mse_s1": [
      0.017853984609246254,
      0.013027609325945377,
      0.010128412395715714,
      0.008675881661474705,
      0.0075194453820586205,
      0.006766175851225853,
      0.006237396039068699,
      0.005528245586901903,
      0.005160817410796881,
      0.0046969312243163586,
      0.004441318567842245,
      0.004119886551052332,
      0.00401835422962904,
      0.003725448390468955,
      0.003485532943159342,
      0.0034405780024826527,
      0.0031490682158619165,
      0.00307425856590271,
      0.002912022639065981,
      0.0027866410091519356,
      0.0027146157808601856,
      0.0025627862196415663,
      0.002604650566354394,
      0.002376158256083727,
      0.0024370208848267794,
      0.002448930172249675,
      0.002297451253980398,
      0.0022366635967046022,
      0.0022273084614425898,
      0.0020552538335323334,
      0.002099700039252639,
      0.002096188720315695,
      0.0019551855511963367,
      0.0018984799971804023,
      0.001840059063397348,
      0.0018504628678783774,
      0.0018242914229631424,
      0.0017387702828273177,
      0.0016394928097724915,
      0.0015110076637938619,
      0.0015879047568887472,
      0.0015738668153062463,
      0.0015561458421871066,
      0.001478197518736124,
      0.0015038300771266222,
      0.0014353253645822406,
      0.001462902408093214,
      0.0013778129359707236,
      0.001344991847872734,
      0.0013819539453834295
    ],