{
  "hyperparameters": {
    "num_train_samples": 12000,
    "encoder_name": "granite-small",
    "target_layers": [
      128,
      64
    ],
    "predictor_layers": [
      512,
      64
    ],
    "normalize_embeddings": true,
    "concat_problem_answer": false,
    "num_epochs": 50,
    "learning_rate": 0.0001,
    "batch_size": 50,
    "device": "cuda",
    "seed": 42
  },
  "encoder_full_name": "ibm-granite/granite-embedding-small-english-r2",
  "timestamp": "20251118_064128",
  "training_logs": {
    "training_losses": [
      0.04213399171518783,
      0.021619718017367024,
      0.016420125235648207,
      0.013762012407338868,
      0.012093325207630793,
      0.010926439209530752,
      0.01005591635281841,
      0.009362193922667454,
      0.008802548438931504,
      0.008323159082404647,
      0.007916684889156993,
      0.00755685477051884,
      0.007241324768013631,
      0.006957909866468981,
      0.006696777825709432,
      0.006462118291528896,
      0.006240670594464367,
      0.0060351642488967626,
      0.00584603445410418,
      0.005663650737066443,
      0.005494624583904321,
      0.005329534966343393,
      0.00517543179448694,
      0.005020030535524711,
      0.00487822214490734,
      0.004735159511134649,
      0.004594394737311328,
      0.004462042491650209,
      0.004323060769820586,
      0.004184870273456908,
      0.004055255231408713,
      0.003919864533236251,
      0.0037886159484817957,
      0.0036517112418853986,
      0.0035169920806462566,
      0.003376817860407755,
      0.003241686891609182,
      0.003099049214506522,
      0.0029627246520249175,
      0.002818180131725967,
      0.002675576293646979,
      0.0025321469137755534,
      0.0023895081190858035,
      0.002244270745237979,
      0.0021021881417254916,
      0.00195940116342778,
      0.0018196241459615219,
      0.0016820597598173966,
      0.001549565573805012,
      0.001420596698881127
    ],
    "epoch_rewards_s1": [
      -0.7556036114692688,
      -0.740160346031189,
      -0.7127511501312256,
      -0.687989354133606,
      -0.6699562668800354,
      -0.6529634594917297,
      -0.6429795026779175,
      -0.6300688982009888,
      -0.6232737302780151,
      -0.6181472539901733,
      -0.6096027493476868,
      -0.6027405261993408,
      -0.5987434387207031,
      -0.5939759612083435,
      -0.5904130935668945,
      -0.5891332030296326,
      -0.5847437381744385,
      -0.585023820400238,
      -0.5874068140983582,
      -0.5807211399078369,
      -0.5836252570152283,
      -0.5795373916625977,
      -0.5844974517822266,
      -0.5851427912712097,
      -0.5845335125923157,
      -0.589031994342804,
      -0.5831285715103149,
      -0.5897027254104614,
      -0.5909978151321411,
      -0.5948466062545776,
      -0.5968641042709351,
      -0.6027830243110657,
      -0.5978807210922241,
      -0.6059055328369141,
      -0.6128759384155273,
      -0.6171489357948303,
      -0.6236156225204468,
      -0.6258877515792847,
      -0.6326313614845276,
      -0.6393885016441345,
      -0.6428465247154236,
      -0.6517664194107056,
      -0.656971275806427,
      -0.6650322675704956,
      -0.6724396347999573,
      -0.6785613894462585,
      -0.6855739951133728,
      -0.6941245794296265,
      -0.6999809741973877,
      -0.7018806338310242
    ],
    "epoch_rewards_s3": [
      -0.7639043927192688,
      -0.7329475283622742,
      -0.695984959602356,
      -0.6672418713569641,
      -0.6457216739654541,
      -0.619841992855072,
      -0.6066418886184692,
      -0.5943540930747986,
      -0.5828792452812195,
      -0.5730074048042297,
      -0.5631667375564575,
      -0.5514575242996216,
      -0.5480392575263977,
      -0.5398980975151062,
      -0.5349186658859253,
      -0.529484212398529,
      -0.5248908400535583,
      -0.5185065865516663,
      -0.5231649875640869,
      -0.5145583748817444,
      -0.5158978700637817,
      -0.506314218044281,
      -0.5119636654853821,
      -0.5119543671607971,
      -0.510183572769165,
      -0.5111021399497986,
      -0.5079537630081177,
      -0.5113208889961243,
      -0.5090816617012024,
      -0.5106246471405029,
      -0.5189533233642578,
      -0.523792564868927,
      -0.5193831324577332,
      -0.5252712368965149,
      -0.5361103415489197,
      -0.5418435335159302,
      -0.543295681476593,
      -0.5494347214698792,
      -0.5571563839912415,
      -0.5699747204780579,
      -0.5766504406929016,
      -0.5863873958587646,
      -0.5956084132194519,
      -0.604960560798645,
      -0.6149330735206604,
      -0.6239268779754639,
      -0.6336240768432617,
      -0.6463639736175537,
      -0.6525073051452637,
      -0.6625617742538452
    ],
    "epoch_rewards_rand": [
      -0.7737874984741211,
      -0.7230242490768433,
      -0.6911526918411255,
      -0.665707528591156,
      -0.6540583372116089,
      -0.6368418335914612,
      -0.6275159120559692,
      -0.6135388612747192,
      -0.6100385189056396,
      -0.5994455814361572,
      -0.5956224799156189,
      -0.5905604958534241,
      -0.583561360836029,
      -0.5823489427566528,
      -0.5849307775497437,
      -0.5740248560905457,
      -0.5778863430023193,
      -0.5736175179481506,
      -0.574357271194458,
      -0.5771073698997498,
      -0.567604124546051,
      -0.5712723135948181,
      -0.5690078139305115,
      -0.574921190738678,
      -0.5701411366462708,
      -0.5756767988204956,
      -0.5762189626693726,
      -0.5782252550125122,
      -0.5818067789077759,
      -0.5845588445663452,
      -0.5911341905593872,
      -0.5897497534751892,
      -0.5926628112792969,
      -0.5979533791542053,
      -0.6028671264648438,
      -0.608335554599762,
      -0.619194746017456,
      -0.6204381585121155,
      -0.6294782161712646,
      -0.6360848546028137,
      -0.6463863849639893,
      -0.6567826867103577,
      -0.662284255027771,
      -0.6639257073402405,
      -0.6769000291824341,
      -0.6830175518989563,
      -0.6880190968513489,
      -0.6958416700363159,
      -0.7025275230407715,
      -0.7099601626396179
    ],
    "epoch_mse_s1": [
      0.026180576533079147,
      0.017990045249462128,
      0.014460265636444092,
      0.012439469806849957,
      0.011059107258915901,
      0.010087900795042515,
      0.00928451307117939,
      0.008701158687472343,
      0.00816517136991024,
      0.0077034179121255875,
      0.007356146816164255,
      0.00704336678609252,
      0.006742098368704319,
      0.006486290600150824,
      0.00624694861471653,
      0.00600867485627532,
      0.005824647378176451,
      0.005610283929854631,
      0.005391587968915701,
      0.0052772569470107555,
      0.005080201663076878,
      0.004961526952683926,
      0.004766164813190699,
      0.004620284773409367,
      0.0044936491176486015,
      0.004327218513935804,
      0.004260215908288956,
      0.004087380133569241,
      0.003966193180531263,
      0.003827089676633477,
      0.003707973286509514,
      0.003559383563697338,
      0.0035047715064138174,
      0.003344904398545623,
      0.0031969754491001368,
      0.003073521889746189,
      0.0029346118681132793,
      0.00283108395524323,
      0.0026937120128422976,
      0.002557809231802821,
      0.0024490526411682367,
      0.0022990601137280464,
      0.0021790042519569397,
      0.0020380320493131876,
      0.001903135678730905,
      0.0017788433469831944,
      0.0016487067332491279,
      0.001508006127551198,
      0.001388293458148837,
      0.0012985479552298784
    ],