{
  "hyperparameters": {
    "num_train_samples": 12000,
    "encoder_name": "granite",
    "target_layers": [
      512,
      256,
      64
    ],
    "predictor_layers": [
      1024,
      512,
      64
    ],
    "normalize_embeddings": true,
    "concat_problem_answer": false,
    "num_epochs": 50,
    "learning_rate": 0.0001,
    "batch_size": 50,
    "device": "cuda",
    "seed": 42
  },
  "encoder_full_name": "ibm-granite/granite-embedding-english-r2",
  "timestamp": "20251118_062609",
  "training_logs": {
    "training_losses": [
      0.004319044768150585,
      0.002580445410179285,
      0.0020859258710212696,
      0.0017998163607747604,
      0.0016090632358100264,
      0.001469479184015654,
      0.0013573813402520804,
      0.0012654994973369563,
      0.0011884281935635953,
      0.0011207524560935174,
      0.0010618094810827946,
      0.0010086652138852515,
      0.0009595693511073478,
      0.0009172891795363587,
      0.0008766667517193128,
      0.0008414776821155101,
      0.0008061316300882026,
      0.0007775004140664047,
      0.000748484042317917,
      0.0007221471928157068,
      0.0006975014798323779,
      0.0006745469448408888,
      0.0006539289992360864,
      0.0006330281493622654,
      0.0006140340473696899,
      0.000597698846104322,
      0.0005801260886073578,
      0.0005656302758628348,
      0.0005509816228974766,
      0.0005368055886113628,
      0.0005239865895418916,
      0.0005126762671958811,
      0.0005007707538122,
      0.0004907434495786826,
      0.0004791488167635786,
      0.0004689946450525895,
      0.0004597353043209296,
      0.00045090227819552335,
      0.0004417315485625295,
      0.00043419915467287257,
      0.0004271185607649386,
      0.00041897451665136033,
      0.0004119522688900664,
      0.0004054872236641434,
      0.00039884172256279273,
      0.0003927870440141608,
      0.00038633419717371,
      0.00038060144785655815,
      0.00037505067108819883,
      0.0003693399568874156
    ],
    "epoch_rewards_s1": [
      -0.5616496801376343,
      -0.6013132929801941,
      -0.6415866017341614,
      -0.6470744013786316,
      -0.6598792672157288,
      -0.6818311810493469,
      -0.6749635338783264,
      -0.6925452351570129,
      -0.6869902610778809,
      -0.6923995614051819,
      -0.6884011626243591,
      -0.6913207769393921,
      -0.6920409798622131,
      -0.703754186630249,
      -0.7016682028770447,
      -0.6983209252357483,
      -0.7052909731864929,
      -0.7055866718292236,
      -0.7064010500907898,
      -0.7015095353126526,
      -0.6980882883071899,
      -0.7051320672035217,
      -0.7048646211624146,
      -0.7109362483024597,
      -0.7028645873069763,
      -0.7037234306335449,
      -0.6986264586448669,
      -0.6888932585716248,
      -0.6928161382675171,
      -0.6920017004013062,
      -0.680950939655304,
      -0.6867043375968933,
      -0.6792919635772705,
      -0.684377908706665,
      -0.685613214969635,
      -0.6757237315177917,
      -0.6744650602340698,
      -0.6675405502319336,
      -0.6728984117507935,
      -0.6714679598808289,
      -0.6632620692253113,
      -0.6587445139884949,
      -0.664709746837616,
      -0.6578399538993835,
      -0.6543999910354614,
      -0.6531453728675842,
      -0.6493819952011108,
      -0.6458181142807007,
      -0.6437533497810364,
      -0.6387683153152466
    ],
    "epoch_rewards_s3": [
      -0.5532437562942505,
      -0.5729871392250061,
      -0.5886414647102356,
      -0.5789065957069397,
      -0.567865788936615,
      -0.5657950639724731,
      -0.5561403632164001,
      -0.5448331832885742,
      -0.5304538011550903,
      -0.5169639587402344,
      -0.49310895800590515,
      -0.47251462936401367,
      -0.4662379324436188,
      -0.46289941668510437,
      -0.440754234790802,
      -0.42953750491142273,
      -0.41672030091285706,
      -0.4133165776729584,
      -0.39156094193458557,
      -0.3814023435115814,
      -0.3581295609474182,
      -0.34980371594429016,
      -0.32908064126968384,
      -0.3159463107585907,
      -0.29989275336265564,
      -0.2954373061656952,
      -0.2762415111064911,
      -0.26217934489250183,
      -0.24691854417324066,
      -0.21820397675037384,
      -0.2059987336397171,
      -0.19750283658504486,
      -0.19065073132514954,
      -0.17453601956367493,
      -0.15881521999835968,
      -0.1479954570531845,
      -0.12325594574213028,
      -0.11726483702659607,
      -0.10664478689432144,
      -0.09956929832696915,
      -0.07858773320913315,
      -0.07552318274974823,
      -0.05075746402144432,
      -0.04451896250247955,
      -0.018290776759386063,
      -0.020986761897802353,
      0.0032057403586804867,
      0.0142314862459898,
      0.024394497275352478,
      0.03717801347374916
    ],
    "epoch_rewards_rand": [
      -0.5342142581939697,
      -0.5768591165542603,
      -0.5952168703079224,
      -0.61110520362854,
      -0.6273436546325684,
      -0.6257596611976624,
      -0.6436185836791992,
      -0.6405247449874878,
      -0.636147141456604,
      -0.6238812208175659,
      -0.6432979702949524,
      -0.644314706325531,
      -0.6481805443763733,
      -0.6413801312446594,
      -0.6448964476585388,
      -0.6489495038986206,
      -0.647018313407898,
      -0.6469405293464661,
      -0.6588994264602661,
      -0.6619426012039185,
      -0.659893810749054,
      -0.6594168543815613,
      -0.6578495502471924,
      -0.6594699025154114,
      -0.6614958047866821,
      -0.6532160639762878,
      -0.6535760164260864,
      -0.6554315686225891,
      -0.6537678241729736,
      -0.6534962058067322,
      -0.6535661220550537,
      -0.6484947204589844,
      -0.6392657160758972,
      -0.6453475952148438,
      -0.6428847908973694,
      -0.6456400752067566,
      -0.632272481918335,
      -0.6404991149902344,
      -0.6400398015975952,
      -0.635649561882019,
      -0.6346946358680725,
      -0.6353745460510254,
      -0.6306855082511902,
      -0.6337814927101135,
      -0.6277984976768494,
      -0.6327966451644897,
      -0.6259206533432007,
      -0.6109150052070618,
      -0.6148063540458679,
      -0.6146741509437561
    ],
    "epoch_mse_s1": [
      0.002932152012363076,
      0.0022333671804517508,
      0.0018368932651355863,
      0.0016183251282200217,
      0.0014462587423622608,
      0.0012973361881449819,
      0.0012143708299845457,
      0.0011125493329018354,
      0.0010543939424678683,
      0.0009901652811095119,
      0.0009447885677218437,
      0.0008960171835497022,
      0.0008542798459529877,
      0.0008034899365156889,
      0.000772000290453434,
      0.0007445649825967848,
      0.0007077371119521558,
      0.000680594879668206,
      0.0006546443328261375,
      0.0006363283027894795,
      0.0006177629111334682,
      0.0005896570510230958,
      0.000570364820305258,
      0.0005457339575514197,
      0.0005362063529901206,
      0.000518735614605248,
      0.0005078210378997028,
      0.000502077687997371,
      0.0004839183238800615,
      0.00047093143803067505,
      0.0004680875863414258,
      0.00045019894605502486,
      0.00044496901682578027,
      0.00042886147275567055,
      0.00041672575753182173,
      0.0004149600863456726,
      0.0004058641497977078,
      0.0004021254717372358,
      0.00038797687739133835,
      0.000380141194909811,
      0.00037845742190256715,
      0.00037383465678431094,
      0.0003606179670896381,
      0.0003585392842069268,
      0.0003537969896569848,
      0.0003474803233984858,
      0.0003434477257542312,
      0.00033945447648875415,
      0.0003344362194184214,
      0.0003319580864626914
    ],