{
  "hyperparameters": {
    "num_train_samples": 12000,
    "encoder_name": "gte",
    "target_layers": [
      128,
      64
    ],
    "predictor_layers": [
      512,
      64
    ],
    "normalize_embeddings": true,
    "concat_problem_answer": false,
    "num_epochs": 50,
    "learning_rate": 0.0001,
    "batch_size": 50,
    "device": "cuda",
    "seed": 42
  },
  "encoder_full_name": "Alibaba-NLP/gte-modernbert-base",
  "timestamp": "20251118_054604",
  "training_logs": {
    "training_losses": [
      0.03849186735848586,
      0.019326530575441817,
      0.014990504140344758,
      0.012701887835282833,
      0.011232177645433694,
      0.010173924573852371,
      0.009363032384620358,
      0.008711418398888782,
      0.008169562420031676,
      0.007707395414278532,
      0.007304268413766597,
      0.006944006017874926,
      0.006615415642348428,
      0.00631916132212306,
      0.006036422228983914,
      0.005772118693372855,
      0.00552678660217983,
      0.005286742448030661,
      0.0050638713117223235,
      0.004835963755613193,
      0.00461518761391441,
      0.004399088717764244,
      0.004184924176661298,
      0.003969654410805864,
      0.003753704344853759,
      0.003535556901867191,
      0.0033273679699050264,
      0.0031121143673469003,
      0.002900170205005755,
      0.0026914676088684547,
      0.0024834318338738132,
      0.0022859900675636408,
      0.0020897629079020892,
      0.001903553078106294,
      0.0017280618936638347,
      0.0015623304061591625,
      0.0014118300241534598,
      0.0012714447691299332,
      0.0011465010359340037,
      0.0010326467859461748,
      0.0009313679586436289,
      0.0008408108049479778,
      0.0007607026311840551,
      0.0006903109201327122,
      0.0006269315167931684,
      0.0005712512591950751,
      0.0005197110265726223,
      0.0004750670740274169,
      0.00043502892864732224,
      0.00039886373281963945
    ],
    "epoch_rewards_s1": [
      -0.7474804520606995,
      -0.7010024785995483,
      -0.6742448806762695,
      -0.6485133171081543,
      -0.6305232644081116,
      -0.622065544128418,
      -0.6142517924308777,
      -0.6051502823829651,
      -0.5962157845497131,
      -0.5901426076889038,
      -0.5916727185249329,
      -0.5848520398139954,
      -0.5797065496444702,
      -0.585942804813385,
      -0.5775715708732605,
      -0.5811248421669006,
      -0.5864734649658203,
      -0.5841930508613586,
      -0.5838751792907715,
      -0.587825357913971,
      -0.5932984948158264,
      -0.5925654172897339,
      -0.6007458567619324,
      -0.6005977988243103,
      -0.6091516017913818,
      -0.6150525808334351,
      -0.6261107921600342,
      -0.6368489861488342,
      -0.6434696912765503,
      -0.6569904685020447,
      -0.6661627888679504,
      -0.6771758794784546,
      -0.6792787313461304,
      -0.6937159299850464,
      -0.702595055103302,
      -0.7095078825950623,
      -0.7109664678573608,
      -0.7101825475692749,
      -0.717311680316925,
      -0.7159119844436646,
      -0.712020993232727,
      -0.7126384377479553,
      -0.7096606492996216,
      -0.7070435881614685,
      -0.700894296169281,
      -0.6988134384155273,
      -0.6950539946556091,
      -0.6880202293395996,
      -0.6841785907745361,
      -0.6784387826919556
    ],
    "epoch_rewards_s3": [
      -0.6982043981552124,
      -0.6398884654045105,
      -0.6027383208274841,
      -0.5727887749671936,
      -0.5476300716400146,
      -0.5355567336082458,
      -0.5213589668273926,
      -0.5097267627716064,
      -0.5001802444458008,
      -0.4883044362068176,
      -0.48614972829818726,
      -0.4825405776500702,
      -0.47026121616363525,
      -0.4743967652320862,
      -0.466763973236084,
      -0.47157222032546997,
      -0.4697403311729431,
      -0.4689369201660156,
      -0.4686344861984253,
      -0.4716099202632904,
      -0.479114294052124,
      -0.4810362160205841,
      -0.48819753527641296,
      -0.49138662219047546,
      -0.5017359852790833,
      -0.5106079578399658,
      -0.5184998512268066,
      -0.5357617139816284,
      -0.5519900918006897,
      -0.5678274631500244,
      -0.5764080882072449,
      -0.5932244062423706,
      -0.5995389819145203,
      -0.616191565990448,
      -0.6340844035148621,
      -0.6414726376533508,
      -0.6462121605873108,
      -0.6520844101905823,
      -0.6644901037216187,
      -0.6675684452056885,
      -0.668209433555603,
      -0.6712055206298828,
      -0.6712150573730469,
      -0.669854998588562,
      -0.6680320501327515,
      -0.6672263741493225,
      -0.6646890044212341,
      -0.6609650254249573,
      -0.6572396755218506,
      -0.6539266109466553
    ],
    "epoch_rewards_rand": [
      -0.7530850768089294,
      -0.7036781311035156,
      -0.672126293182373,
      -0.644909143447876,
      -0.6288431286811829,
      -0.6133036017417908,
      -0.6030153632164001,
      -0.5989548563957214,
      -0.5905176401138306,
      -0.5828046202659607,
      -0.5788885951042175,
      -0.5754943490028381,
      -0.5825899243354797,
      -0.5821784734725952,
      -0.5852612853050232,
      -0.5831653475761414,
      -0.5854223370552063,
      -0.579911470413208,
      -0.5915817618370056,
      -0.6032142639160156,
      -0.604655385017395,
      -0.6143936514854431,
      -0.6136661171913147,
      -0.6226324439048767,
      -0.6319646239280701,
      -0.6320298910140991,
      -0.643265962600708,
      -0.6544859409332275,
      -0.6581053137779236,
      -0.6679131984710693,
      -0.6821587085723877,
      -0.6899322271347046,
      -0.6950727701187134,
      -0.7022961974143982,
      -0.70869380235672,
      -0.7117860317230225,
      -0.7156459093093872,
      -0.716896653175354,
      -0.7215726971626282,
      -0.7176751494407654,
      -0.7164103388786316,
      -0.7163776755332947,
      -0.7128892540931702,
      -0.7098177671432495,
      -0.7041643857955933,
      -0.6994648575782776,
      -0.694248616695404,
      -0.6868652105331421,
      -0.6848411560058594,
      -0.6779256463050842
    ],
    "epoch_mse_s1": [
      0.02182304859161377,
      0.015666544437408447,
      0.012850956991314888,
      0.011264934204518795,
      0.010150893591344357,
      0.00923995953053236,
      0.008540252223610878,
      0.008004304021596909,
      0.007569221314042807,
      0.0071761151775717735,
      0.006755777634680271,
      0.006477972026914358,
      0.006217212416231632,
      0.0058666858822107315,
      0.005694400053471327,
      0.005420273635536432,
      0.005148254334926605,
      0.0049666459672153,
      0.004778812639415264,
      0.004561580251902342,
      0.004340577404946089,
      0.004184701945632696,
      0.003955885302275419,
      0.003807386616244912,
      0.003587923478335142,
      0.0033965252805501223,
      0.0031661412212997675,
      0.0029430114664137363,
      0.0027580426540225744,
      0.0025195705238729715,
      0.002320111496374011,
      0.0021089499350637197,
      0.0019719009287655354,
      0.0017391806468367577,
      0.001553754205815494,
      0.0013866877416148782,
      0.001264972030185163,
      0.0011631400557234883,
      0.0010035603772848845,
      0.000912388670258224,
      0.0008430221350863576,
      0.0007427072850987315,
      0.0006725770072080195,
      0.0006028734496794641,
      0.0005623157485388219,
      0.000494745559990406,
      0.00044245205936022103,
      0.0004167575389146805,
      0.0003705734561663121,
      0.000340666389092803
    ],