{
  "hyperparameters": {
    "num_train_samples": 12000,
    "encoder_name": "granite",
    "target_layers": [
      256,
      64
    ],
    "predictor_layers": [
      256,
      64
    ],
    "normalize_embeddings": true,
    "concat_problem_answer": false,
    "num_epochs": 50,
    "learning_rate": 0.0001,
    "batch_size": 50,
    "device": "cuda",
    "seed": 42
  },
  "encoder_full_name": "ibm-granite/granite-embedding-english-r2",
  "timestamp": "20251118_060257",
  "training_logs": {
    "training_losses": [
      0.04250951927000036,
      0.02302086711085091,
      0.01796558026301985,
      0.0152582953334786,
      0.013525262715605398,
      0.012297026281400274,
      0.011393160415658106,
      0.010689558344893157,
      0.01011881292021523,
      0.009653091535437853,
      0.009266649628989399,
      0.008932521881069988,
      0.008645468457446744,
      0.008395836669175575,
      0.008173879998503253,
      0.007977589735916505,
      0.007801119414701437,
      0.007632253972891097,
      0.007487664008901144,
      0.007351469611361002,
      0.007230137676621477,
      0.00711507519784694,
      0.007013376024163639,
      0.006913989774572352,
      0.0068203561822883785,
      0.0067387497518211605,
      0.006656874182711666,
      0.0065817032863075536,
      0.006507276697084308,
      0.006441961845848709,
      0.006376048800302669,
      0.006318535368579129,
      0.006257824510491143,
      0.006202515901532024,
      0.006152680295053869,
      0.0061024681897833945,
      0.006054084561765194,
      0.006010186028045913,
      0.005964248712795476,
      0.005920395076585313,
      0.00588037603884004,
      0.005841450158429021,
      0.005797844079400723,
      0.005766904736325766,
      0.0057291860847423475,
      0.005696828725437323,
      0.005661076633259654,
      0.0056325025060990205,
      0.005596698731339226,
      0.005567133201596638
    ],
    "epoch_rewards_s1": [
      -0.7683192491531372,
      -0.7345543503761292,
      -0.7000082731246948,
      -0.6742913722991943,
      -0.6564075946807861,
      -0.640329122543335,
      -0.6199003458023071,
      -0.6131424307823181,
      -0.6055727005004883,
      -0.5967105031013489,
      -0.5887814164161682,
      -0.5794477462768555,
      -0.5794734358787537,
      -0.5719190239906311,
      -0.5636330842971802,
      -0.5635867118835449,
      -0.5616441369056702,
      -0.5616820454597473,
      -0.5594912767410278,
      -0.5500989556312561,
      -0.5512558221817017,
      -0.5462972521781921,
      -0.5412359833717346,
      -0.5326737761497498,
      -0.527792751789093,
      -0.5319811701774597,
      -0.5298079252243042,
      -0.5212749242782593,
      -0.5198742151260376,
      -0.5242051482200623,
      -0.5144911408424377,
      -0.5206345915794373,
      -0.5112395882606506,
      -0.5097913146018982,
      -0.5087043642997742,
      -0.504104733467102,
      -0.508187472820282,
      -0.511746883392334,
      -0.5063923001289368,
      -0.5002402663230896,
      -0.4944477379322052,
      -0.49934467673301697,
      -0.4986601173877716,
      -0.49338385462760925,
      -0.4990655481815338,
      -0.5030128955841064,
      -0.4907262325286865,
      -0.4959554970264435,
      -0.488726943731308,
      -0.4875803589820862
    ],
    "epoch_rewards_s3": [
      -0.733589231967926,
      -0.6910094022750854,
      -0.6554872989654541,
      -0.635972797870636,
      -0.6164177060127258,
      -0.5991639494895935,
      -0.5779025554656982,
      -0.5665932297706604,
      -0.5598037242889404,
      -0.5483182668685913,
      -0.5376197099685669,
      -0.5240529179573059,
      -0.5203066468238831,
      -0.507328450679779,
      -0.5002812147140503,
      -0.49536338448524475,
      -0.49035510420799255,
      -0.4892909824848175,
      -0.48223936557769775,
      -0.4722301661968231,
      -0.47142982482910156,
      -0.46634364128112793,
      -0.458905965089798,
      -0.44862493872642517,
      -0.4436979591846466,
      -0.4392510652542114,
      -0.4357815086841583,
      -0.429439902305603,
      -0.42814528942108154,
      -0.4254855215549469,
      -0.4176552891731262,
      -0.4275849759578705,
      -0.4127883017063141,
      -0.4048098027706146,
      -0.4083014130592346,
      -0.4001270830631256,
      -0.397087037563324,
      -0.4062928557395935,
      -0.39163270592689514,
      -0.3934805989265442,
      -0.38166454434394836,
      -0.3849477171897888,
      -0.38246622681617737,
      -0.3738400936126709,
      -0.3755052983760834,
      -0.3788663148880005,
      -0.3732829689979553,
      -0.37248465418815613,
      -0.3644064962863922,
      -0.36588263511657715
    ],
    "epoch_rewards_rand": [
      -0.7034062147140503,
      -0.6768941879272461,
      -0.6641552448272705,
      -0.6463653445243835,
      -0.6301770210266113,
      -0.6193798184394836,
      -0.606014609336853,
      -0.6019724011421204,
      -0.5950115919113159,
      -0.5850370526313782,
      -0.5823537707328796,
      -0.5720872282981873,
      -0.5701746344566345,
      -0.566330075263977,
      -0.5596491694450378,
      -0.5660532116889954,
      -0.559353768825531,
      -0.5513395071029663,
      -0.5498632192611694,
      -0.5472108721733093,
      -0.5409699082374573,
      -0.5367879271507263,
      -0.5382410883903503,
      -0.5373966097831726,
      -0.5322243571281433,
      -0.527884304523468,
      -0.5262308120727539,
      -0.5259179472923279,
      -0.5280324220657349,
      -0.5213908553123474,
      -0.5185629725456238,
      -0.5169976353645325,
      -0.5131562948226929,
      -0.5199844837188721,
      -0.5072059035301208,
      -0.5128917098045349,
      -0.5088529586791992,
      -0.5096695423126221,
      -0.5064502358436584,
      -0.5027672052383423,
      -0.5005555748939514,
      -0.4995652139186859,
      -0.4997255206108093,
      -0.4947780966758728,
      -0.4959033131599426,
      -0.4926280081272125,
      -0.48972293734550476,
      -0.4923233687877655,
      -0.4875127971172333,
      -0.48526400327682495
    ],
    "epoch_mse_s1": [
      0.026600221171975136,
      0.019303593784570694,
      0.01606750674545765,
      0.014101671986281872,
      0.012716132216155529,
      0.011711559258401394,
      0.011028212495148182,
      0.010339523665606976,
      0.009794521145522594,
      0.009364116936922073,
      0.00899777002632618,
      0.008705995045602322,
      0.008355027996003628,
      0.008129424415528774,
      0.007942684926092625,
      0.007694936357438564,
      0.00749154482036829,
      0.007287913467735052,
      0.007124822121113539,
      0.007046759128570557,
      0.006878603715449572,
      0.006780628580600023,
      0.006693125702440739,
      0.006645846180617809,
      0.006571680307388306,
      0.0064237224869430065,
      0.006339516956359148,
      0.0063162497244775295,
      0.006235803943127394,
      0.00611208425834775,
      0.006111147813498974,
      0.005982148461043835,
      0.005984943825751543,
      0.0059257433749735355,
      0.005866984371095896,
      0.0058390069752931595,
      0.005745384376496077,
      0.005659300368279219,
      0.005644618067890406,
      0.005637573078274727,
      0.005629252176731825,
      0.005542551167309284,
      0.005499590653926134,
      0.005492221098393202,
      0.005406272131949663,
      0.005335204303264618,
      0.00538213737308979,
      0.005304988007992506,
      0.0053173694759607315,
      0.005287821404635906
    ],