{
  "hyperparameters": {
    "num_train_samples": 12000,
    "encoder_name": "granite-small",
    "target_layers": [
      128,
      8
    ],
    "predictor_layers": [
      256,
      8
    ],
    "normalize_embeddings": true,
    "concat_problem_answer": false,
    "num_epochs": 50,
    "learning_rate": 0.0001,
    "batch_size": 50,
    "device": "cuda",
    "seed": 42
  },
  "encoder_full_name": "ibm-granite/granite-embedding-small-english-r2",
  "timestamp": "20251118_065543",
  "training_logs": {
    "training_losses": [
      0.03412477668995659,
      0.017052447194388757,
      0.013088613364379853,
      0.01101282516416783,
      0.009679555768767993,
      0.008715279900934547,
      0.007976482967690875,
      0.007380956067936495,
      0.0069009158721504114,
      0.006480815445926661,
      0.0061312394119643916,
      0.005813417420722544,
      0.005537003100228807,
      0.005297060458300014,
      0.005070805817376822,
      0.004869361442979425,
      0.004684739857718038,
      0.004517574972123839,
      0.004360048302138845,
      0.00421124905309019,
      0.004073799146378103,
      0.0039480867038946595,
      0.003827456016248713,
      0.003719211609374421,
      0.003608893644801962,
      0.0035132176999468356,
      0.0034198567426453035,
      0.003334561014586749,
      0.003244541347764122,
      0.0031687825025680165,
      0.003092160249555794,
      0.0030224907347777235,
      0.002957929069331537,
      0.0028922912092336143,
      0.002832454513797226,
      0.0027748738270020113,
      0.0027162312879227104,
      0.0026652968178192773,
      0.002614326031956201,
      0.0025661460085151097,
      0.0025230154298090685,
      0.0024746121305118623,
      0.0024328455716992417,
      0.002392474168057864,
      0.0023518021005050588,
      0.0023119967750972136,
      0.002275536236993503,
      0.0022398927724376944,
      0.0022137837358362352,
      0.002175960654373436
    ],
    "epoch_rewards_s1": [
      -0.5856437683105469,
      -0.5656728744506836,
      -0.539467990398407,
      -0.5409669876098633,
      -0.5208160281181335,
      -0.5176723003387451,
      -0.5105797648429871,
      -0.500313401222229,
      -0.49354052543640137,
      -0.487383633852005,
      -0.4764704704284668,
      -0.47944003343582153,
      -0.4812535047531128,
      -0.48420700430870056,
      -0.4814033508300781,
      -0.48083654046058655,
      -0.4700450301170349,
      -0.47696131467819214,
      -0.47179174423217773,
      -0.4794495701789856,
      -0.4785614609718323,
      -0.47665250301361084,
      -0.4843389093875885,
      -0.4821929931640625,
      -0.480177104473114,
      -0.4695624113082886,
      -0.4704749286174774,
      -0.47214755415916443,
      -0.4703918993473053,
      -0.46152549982070923,
      -0.47191062569618225,
      -0.46421703696250916,
      -0.4689618647098541,
      -0.45648208260536194,
      -0.46564048528671265,
      -0.4677174985408783,
      -0.46938619017601013,
      -0.46085280179977417,
      -0.4657060503959656,
      -0.45786094665527344,
      -0.4584804177284241,
      -0.4631280303001404,
      -0.4455448091030121,
      -0.4598604440689087,
      -0.458555668592453,
      -0.45881837606430054,
      -0.4636240303516388,
      -0.45293480157852173,
      -0.4490434229373932,
      -0.45274367928504944
    ],
    "epoch_rewards_s3": [
      -0.49724769592285156,
      -0.4782153069972992,
      -0.44605308771133423,
      -0.4485374391078949,
      -0.42686137557029724,
      -0.41981032490730286,
      -0.42093443870544434,
      -0.40506041049957275,
      -0.40056249499320984,
      -0.4034383296966553,
      -0.3817921280860901,
      -0.3862645626068115,
      -0.39654675126075745,
      -0.38442176580429077,
      -0.3921741843223572,
      -0.37760260701179504,
      -0.3722263276576996,
      -0.377767413854599,
      -0.3737483620643616,
      -0.36637136340141296,
      -0.370939701795578,
      -0.35402366518974304,
      -0.3678953945636749,
      -0.3651697039604187,
      -0.35662493109703064,
      -0.34453216195106506,
      -0.3430495262145996,
      -0.35060521960258484,
      -0.33461323380470276,
      -0.32003334164619446,
      -0.34243813157081604,
      -0.3307473361492157,
      -0.3222792446613312,
      -0.3176231384277344,
      -0.31990671157836914,
      -0.31199610233306885,
      -0.3216225504875183,
      -0.29573488235473633,
      -0.3037421405315399,
      -0.2891034781932831,
      -0.2846510708332062,
      -0.2831365168094635,
      -0.27746182680130005,
      -0.28723952174186707,
      -0.2756117880344391,
      -0.27314886450767517,
      -0.26932409405708313,
      -0.26182395219802856,
      -0.26607075333595276,
      -0.2549992799758911
    ],
    "epoch_rewards_rand": [
      -0.5235713720321655,
      -0.5276175737380981,
      -0.5335344672203064,
      -0.5234103798866272,
      -0.521396279335022,
      -0.526187539100647,
      -0.5215480923652649,
      -0.5291805267333984,
      -0.5250762701034546,
      -0.5134090781211853,
      -0.5177029967308044,
      -0.521757960319519,
      -0.5226152539253235,
      -0.5221231579780579,
      -0.5191526412963867,
      -0.518409252166748,
      -0.521000862121582,
      -0.5253066420555115,
      -0.518114447593689,
      -0.5187413096427917,
      -0.5200201272964478,
      -0.5230088829994202,
      -0.5117686986923218,
      -0.5310192108154297,
      -0.5212453603744507,
      -0.5166718363761902,
      -0.5171835422515869,
      -0.5183539986610413,
      -0.5204517841339111,
      -0.5236283540725708,
      -0.5177929401397705,
      -0.5171676278114319,
      -0.5049926042556763,
      -0.5069807171821594,
      -0.5035787224769592,
      -0.5084002614021301,
      -0.5047897696495056,
      -0.4995173513889313,
      -0.5070981383323669,
      -0.5079292058944702,
      -0.508867621421814,
      -0.502391517162323,
      -0.5044187903404236,
      -0.4951232075691223,
      -0.49121353030204773,
      -0.4960741698741913,
      -0.49386832118034363,
      -0.49074095487594604,
      -0.49610084295272827,
      -0.4868987798690796
    ],
    "epoch_mse_s1": [
      0.019694212824106216,
      0.013937756419181824,
      0.011541738174855709,
      0.009747998788952827,
      0.008855650201439857,
      0.007992250844836235,
      0.007381154224276543,
      0.006940309889614582,
      0.006543835159391165,
      0.006206627935171127,
      0.005979159381240606,
      0.00562707893550396,
      0.005326816812157631,
      0.0050455015152692795,
      0.004852125886827707,
      0.0046548256650567055,
      0.0045798844657838345,
      0.004338017199188471,
      0.004231323953717947,
      0.004010130185633898,
      0.003883006749674678,
      0.0037742292042821646,
      0.0035847651306539774,
      0.0034938801545649767,
      0.003407465759664774,
      0.003402038710191846,
      0.0032996325753629208,
      0.003196042962372303,
      0.003125985385850072,
      0.0031190314330160618,
      0.0029558800160884857,
      0.0029452319722622633,
      0.002836726140230894,
      0.0028688448946923018,
      0.002731843153014779,
      0.0026541375555098057,
      0.0025823311880230904,
      0.002590868389233947,
      0.0024994707200676203,
      0.0025056605227291584,
      0.0024502375163137913,
      0.0023671549279242754,
      0.002447862643748522,
      0.002298496663570404,
      0.0022639126982539892,
      0.0022195300552994013,
      0.0021447448525577784,
      0.002179652452468872,
      0.0021679282654076815,
      0.002104891696944833
    ],