{
  "hyperparameters": {
    "num_train_samples": 12000,
    "encoder_name": "granite-small",
    "target_layers": [
      512,
      256,
      64
    ],
    "predictor_layers": [
      512,
      256,
      64
    ],
    "normalize_embeddings": true,
    "concat_problem_answer": false,
    "num_epochs": 50,
    "learning_rate": 0.0001,
    "batch_size": 50,
    "device": "cuda",
    "seed": 42
  },
  "encoder_full_name": "ibm-granite/granite-embedding-small-english-r2",
  "timestamp": "20251118_063851",
  "training_logs": {
    "training_losses": [
      0.00517856975881538,
      0.0032639885030221194,
      0.0027189964389738937,
      0.0023718091474923615,
      0.0021323137407307513,
      0.0019563557114452125,
      0.0018230958439138098,
      0.0017177337489556522,
      0.0016324821956610928,
      0.001562655362552808,
      0.001502278953557834,
      0.0014507387755050634,
      0.0014060298383507567,
      0.0013656690115264305,
      0.0013291505005327054,
      0.0012956597512432686,
      0.0012652218021685258,
      0.0012370642002982398,
      0.0012107196297923414,
      0.0011868119137943723,
      0.0011640205547640411,
      0.0011428972303595705,
      0.0011234318677452392,
      0.0011042238504160196,
      0.0010876053158426658,
      0.001069025528219451,
      0.0010542330926303597,
      0.001038363059584905,
      0.0010248161963924455,
      0.0010107831614732277,
      0.0009988524010016893,
      0.0009855864654430965,
      0.0009744437624855588,
      0.0009635853830938383,
      0.0009534169847029261,
      0.0009423182981360393,
      0.0009321631790953688,
      0.0009236521165197094,
      0.0009138174638792407,
      0.000905719504468531,
      0.0008978191052544086,
      0.0008902196879110609,
      0.0008825858138152398,
      0.0008755697129042043,
      0.0008679248048186612,
      0.0008608138215398261,
      0.0008548770917210883,
      0.0008485396346562386,
      0.0008420686305422956,
      0.0008360389416338876
    ],
    "epoch_rewards_s1": [
      -0.5770099759101868,
      -0.5845955014228821,
      -0.6079800128936768,
      -0.6241592764854431,
      -0.6403592824935913,
      -0.6504749655723572,
      -0.6529560685157776,
      -0.6652096509933472,
      -0.6602404117584229,
      -0.6555877327919006,
      -0.6512525677680969,
      -0.6457225680351257,
      -0.6364811062812805,
      -0.6410718560218811,
      -0.637704074382782,
      -0.6353239417076111,
      -0.6296261548995972,
      -0.6276448965072632,
      -0.624806821346283,
      -0.6279248595237732,
      -0.6272687911987305,
      -0.6206104755401611,
      -0.6269388794898987,
      -0.6225717663764954,
      -0.622691810131073,
      -0.6256037950515747,
      -0.6215909123420715,
      -0.6156647205352783,
      -0.6176210045814514,
      -0.6171147227287292,
      -0.6126610636711121,
      -0.6192405223846436,
      -0.610235869884491,
      -0.6094018220901489,
      -0.6117693185806274,
      -0.6109254360198975,
      -0.6143229007720947,
      -0.5989488363265991,
      -0.6029258370399475,
      -0.6042019724845886,
      -0.599891185760498,
      -0.5893197059631348,
      -0.5920985341072083,
      -0.5962830185890198,
      -0.5972400307655334,
      -0.5958089232444763,
      -0.5885692238807678,
      -0.5844569206237793,
      -0.5934624075889587,
      -0.5922445058822632
    ],
    "epoch_rewards_s3": [
      -0.5667549967765808,
      -0.5698727369308472,
      -0.5904964208602905,
      -0.5936018824577332,
      -0.6043712496757507,
      -0.6121318936347961,
      -0.6077418327331543,
      -0.6128799915313721,
      -0.6052972078323364,
      -0.5980109572410583,
      -0.5904852747917175,
      -0.5764352083206177,
      -0.5670886635780334,
      -0.5582500100135803,
      -0.5502532720565796,
      -0.5414602756500244,
      -0.5328004360198975,
      -0.5217216610908508,
      -0.5181538462638855,
      -0.5113252997398376,
      -0.4980624318122864,
      -0.4869854152202606,
      -0.4907352030277252,
      -0.4756888449192047,
      -0.47539520263671875,
      -0.4617421627044678,
      -0.4579195976257324,
      -0.44944190979003906,
      -0.4447244107723236,
      -0.43913817405700684,
      -0.4245171546936035,
      -0.4282105565071106,
      -0.40722113847732544,
      -0.4069034159183502,
      -0.3964322507381439,
      -0.397052139043808,
      -0.3931952118873596,
      -0.37894096970558167,
      -0.3777194917201996,
      -0.36943602561950684,
      -0.36600229144096375,
      -0.3540678024291992,
      -0.34833163022994995,
      -0.3442781865596771,
      -0.33315688371658325,
      -0.33580881357192993,
      -0.33053499460220337,
      -0.30986255407333374,
      -0.311431348323822,
      -0.310698539018631
    ],
    "epoch_rewards_rand": [
      -0.5691080689430237,
      -0.582732617855072,
      -0.6035482883453369,
      -0.6016373038291931,
      -0.613068699836731,
      -0.6007344126701355,
      -0.6084339618682861,
      -0.6022974848747253,
      -0.6029870510101318,
      -0.6091007590293884,
      -0.6058935523033142,
      -0.5974003672599792,
      -0.6031543016433716,
      -0.5921251177787781,
      -0.590881884098053,
      -0.5986112952232361,
      -0.5957407355308533,
      -0.5873339772224426,
      -0.5904220342636108,
      -0.5944280624389648,
      -0.592045783996582,
      -0.5859729051589966,
      -0.5844728946685791,
      -0.5878892540931702,
      -0.5862369537353516,
      -0.590473473072052,
      -0.5752111673355103,
      -0.5809110999107361,
      -0.5843339562416077,
      -0.5839489698410034,
      -0.5746316313743591,
      -0.5747413039207458,
      -0.5723984837532043,
      -0.5663769245147705,
      -0.577058732509613,
      -0.5671510696411133,
      -0.5677038431167603,
      -0.5599279999732971,
      -0.5684435963630676,
      -0.5635038018226624,
      -0.5565639138221741,
      -0.5547231435775757,
      -0.55689537525177,
      -0.5560538172721863,
      -0.5620737671852112,
      -0.5563001036643982,
      -0.5573268532752991,
      -0.55634605884552,
      -0.5508002638816833,
      -0.5522060990333557
    ],
    "epoch_mse_s1": [
      0.0035965756978839636,
      0.0028962071519345045,
      0.0024834363721311092,
      0.002204715274274349,
      0.001991457073017955,
      0.001830638269893825,
      0.0017110076732933521,
      0.0015961232129484415,
      0.0015237450134009123,
      0.001462101936340332,
      0.0014087113086134195,
      0.0013640930410474539,
      0.0013303096638992429,
      0.0012822496937587857,
      0.0012491047382354736,
      0.0012179688783362508,
      0.00119393365457654,
      0.0011675317073240876,
      0.0011443209368735552,
      0.0011157175758853555,
      0.0010934609454125166,
      0.0010798114817589521,
      0.0010521583026275039,
      0.0010382257169112563,
      0.0010202135890722275,
      0.0009999544126912951,
      0.0009884329047054052,
      0.0009797017555683851,
      0.000963046622928232,
      0.000949765439145267,
      0.0009413689840584993,
      0.0009217935730703175,
      0.0009192172437906265,
      0.0009085337514989078,
      0.0008950514602474868,
      0.0008852932369336486,
      0.0008716530865058303,
      0.0008772703586146235,
      0.0008637842838652432,
      0.0008533893269486725,
      0.0008488130406476557,
      0.0008505634614266455,
      0.0008396153571084142,
      0.0008276586304418743,
      0.0008190673543140292,
      0.0008129827328957617,
      0.0008125687018036842,
      0.0008093875367194414,
      0.0007942651282064617,
      0.0007888271356932819
    ],