{
  "hyperparameters": {
    "num_train_samples": 12000,
    "encoder_name": "gte",
    "target_layers": [
      128,
      8
    ],
    "predictor_layers": [
      256,
      8
    ],
    "normalize_embeddings": true,
    "concat_problem_answer": false,
    "num_epochs": 50,
    "learning_rate": 0.0001,
    "batch_size": 50,
    "device": "cuda",
    "seed": 42
  },
  "encoder_full_name": "Alibaba-NLP/gte-modernbert-base",
  "timestamp": "20251118_060037",
  "training_logs": {
    "training_losses": [
      0.03499557964969426,
      0.016345896187704056,
      0.012616112785569083,
      0.010567436421600481,
      0.009220025868853555,
      0.008234301789586122,
      0.0074767474046287434,
      0.006873053809007009,
      0.006382555838596696,
      0.005957757320720703,
      0.005591738761480277,
      0.005283646174939349,
      0.005003293211727092,
      0.004747993972462912,
      0.004520490377520521,
      0.004310020452248864,
      0.004129620939299154,
      0.003961121704196558,
      0.00380055265656362,
      0.0036575345759047194,
      0.003522084713525449,
      0.00339740418518583,
      0.003294147879933007,
      0.003175951534649357,
      0.0030801091837929563,
      0.0029821454654059684,
      0.0028910402790643273,
      0.002805542441395422,
      0.0027342761003334697,
      0.0026547972122595337,
      0.002591864511487074,
      0.0025306415957553935,
      0.002470934805266249,
      0.0024040712669375353,
      0.0023388157700537705,
      0.0022915780762559736,
      0.0022484410869462105,
      0.0021972606487300557,
      0.002155030412541237,
      0.002102912034994612,
      0.0020625818530485653,
      0.0020260952092939987,
      0.001981462008552626,
      0.0019513093682083612,
      0.0019064611959038302,
      0.0018740104084524016,
      0.0018450577816111035,
      0.0018180684487257774,
      0.001785127572172011,
      0.001751214300747961
    ],
    "epoch_rewards_s1": [
      -0.5624691843986511,
      -0.5165104866027832,
      -0.5026043057441711,
      -0.4986075460910797,
      -0.48665884137153625,
      -0.48414695262908936,
      -0.47487807273864746,
      -0.47992047667503357,
      -0.4710594117641449,
      -0.4848175346851349,
      -0.4884687066078186,
      -0.4717623293399811,
      -0.4773149788379669,
      -0.4776473939418793,
      -0.4775988757610321,
      -0.47988462448120117,
      -0.47332990169525146,
      -0.465494304895401,
      -0.46953073143959045,
      -0.47197225689888,
      -0.4671885669231415,
      -0.4671275317668915,
      -0.4625590443611145,
      -0.4724317491054535,
      -0.46099284291267395,
      -0.46786603331565857,
      -0.45379742980003357,
      -0.44812366366386414,
      -0.4553512930870056,
      -0.45402008295059204,
      -0.45477771759033203,
      -0.4588101804256439,
      -0.44731438159942627,
      -0.45454931259155273,
      -0.4463193416595459,
      -0.448414146900177,
      -0.4514754116535187,
      -0.44967377185821533,
      -0.45161545276641846,
      -0.4501073360443115,
      -0.44258567690849304,
      -0.4421318769454956,
      -0.4371813237667084,
      -0.4357883334159851,
      -0.4316039979457855,
      -0.44604673981666565,
      -0.4373653829097748,
      -0.4321072995662689,
      -0.44019797444343567,
      -0.43319109082221985
    ],
    "epoch_rewards_s3": [
      -0.5502529740333557,
      -0.47248271107673645,
      -0.4358104467391968,
      -0.4223894774913788,
      -0.4102054536342621,
      -0.3895053267478943,
      -0.37743473052978516,
      -0.3848382532596588,
      -0.3565114438533783,
      -0.3616984486579895,
      -0.34668976068496704,
      -0.33623987436294556,
      -0.3213251531124115,
      -0.32925575971603394,
      -0.3194092810153961,
      -0.3059983253479004,
      -0.2990584671497345,
      -0.2925335466861725,
      -0.2889876663684845,
      -0.2777455449104309,
      -0.250764936208725,
      -0.2560383677482605,
      -0.23847860097885132,
      -0.24886955320835114,
      -0.22940196096897125,
      -0.22751300036907196,
      -0.22073112428188324,
      -0.19708479940891266,
      -0.1946917325258255,
      -0.2031553089618683,
      -0.19486358761787415,
      -0.18392139673233032,
      -0.16954374313354492,
      -0.16192615032196045,
      -0.16951145231723785,
      -0.15437664091587067,
      -0.1351461261510849,
      -0.13283629715442657,
      -0.1363639533519745,
      -0.1157819926738739,
      -0.09922382235527039,
      -0.09410039335489273,
      -0.11088527739048004,
      -0.07917840033769608,
      -0.06995940953493118,
      -0.08946626633405685,
      -0.06763305515050888,
      -0.03736436739563942,
      -0.03834591805934906,
      -0.04743843525648117
    ],
    "epoch_rewards_rand": [
      -0.586115300655365,
      -0.5282890200614929,
      -0.5165685415267944,
      -0.5095289349555969,
      -0.4930451810359955,
      -0.4911612570285797,
      -0.4670518636703491,
      -0.48101529479026794,
      -0.48094892501831055,
      -0.47084638476371765,
      -0.4737042784690857,
      -0.47426459193229675,
      -0.4678157567977905,
      -0.4629189968109131,
      -0.4653501510620117,
      -0.4636230766773224,
      -0.46249470114707947,
      -0.4695564806461334,
      -0.47061461210250854,
      -0.4630439579486847,
      -0.4542265832424164,
      -0.4636084735393524,
      -0.4639498293399811,
      -0.4469599723815918,
      -0.4573974907398224,
      -0.460439532995224,
      -0.45406728982925415,
      -0.44638946652412415,
      -0.4527016878128052,
      -0.4428431987762451,
      -0.4429298937320709,
      -0.4521052837371826,
      -0.44748005270957947,
      -0.4538138508796692,
      -0.44506216049194336,
      -0.4353167712688446,
      -0.43667563796043396,
      -0.43814733624458313,
      -0.44603946805000305,
      -0.4325316548347473,
      -0.43158870935440063,
      -0.4230256676673889,
      -0.4250437915325165,
      -0.41716498136520386,
      -0.43384405970573425,
      -0.4260064959526062,
      -0.42116668820381165,
      -0.40493106842041016,
      -0.4261687994003296,
      -0.41934818029403687
    ],
    "epoch_mse_s1": [
      0.01817353628575802,
      0.013288693502545357,
      0.010815193876624107,
      0.009203841909766197,
      0.008247746154665947,
      0.007409228943288326,
      0.006862652953714132,
      0.006222868803888559,
      0.005881656426936388,
      0.005294263828545809,
      0.004906548652797937,
      0.004822882823646069,
      0.004487238358706236,
      0.004245774820446968,
      0.00403227424249053,
      0.003811674891039729,
      0.003707708092406392,
      0.0036292497534304857,
      0.003433654550462961,
      0.0032678055576980114,
      0.0031866489443928003,
      0.0030651413835585117,
      0.0029966654255986214,
      0.0027931726071983576,
      0.0028030057437717915,
      0.002642899053171277,
      0.0026840614154934883,
      0.0026495850179344416,
      0.002502303570508957,
      0.0024368572048842907,
      0.0023569033946841955,
      0.002252452075481415,
      0.0022851931862533092,
      0.0021599081810563803,
      0.002167973667383194,
      0.0020919947419315577,
      0.0020112390629947186,
      0.0019726490136235952,
      0.001906074583530426,
      0.0018690042197704315,
      0.0018809088505804539,
      0.00183864904101938,
      0.0018325394485145807,
      0.001800405327230692,
      0.0017905174754559994,
      0.0016419535968452692,
      0.001668625045567751,
      0.0016704074805602431,
      0.0015751875471323729,
      0.001591463922522962
    ],