{
  "hyperparameters": {
    "num_train_samples": 12000,
    "encoder_name": "granite-small",
    "target_layers": [
      256,
      64
    ],
    "predictor_layers": [
      512,
      256,
      64
    ],
    "normalize_embeddings": true,
    "concat_problem_answer": false,
    "num_epochs": 50,
    "learning_rate": 0.0001,
    "batch_size": 50,
    "device": "cuda",
    "seed": 42
  },
  "encoder_full_name": "ibm-granite/granite-embedding-small-english-r2",
  "timestamp": "20251118_064954",
  "training_logs": {
    "training_losses": [
      0.029789612566431364,
      0.017450446150420854,
      0.01344911609776318,
      0.011464535150056084,
      0.010244743964479615,
      0.00941922798131903,
      0.008811382258621355,
      0.00832289775329021,
      0.007924410747364163,
      0.007604020275175571,
      0.0073209291285214325,
      0.007068442365077014,
      0.006852264531577627,
      0.006659238275218134,
      0.006477217702195048,
      0.006319870388445755,
      0.006171901035122574,
      0.006031744884482274,
      0.005904358794214204,
      0.005784418583304311,
      0.005678755675520127,
      0.005576587419879312,
      0.005467619147384539,
      0.00538533297755445,
      0.0052906327997334305,
      0.005204971495550126,
      0.005131605052156374,
      0.005055305548012257,
      0.004984810473009323,
      0.004918645997531712,
      0.004853520010753224,
      0.004795673990156501,
      0.004728362402723481,
      0.004674564278684556,
      0.004621881244626517,
      0.004569248668849469,
      0.00451287388180693,
      0.004467801192852979,
      0.004416298297777151,
      0.004372064984636381,
      0.0043271742072344445,
      0.004286177281755954,
      0.004242662114362853,
      0.004206251361756586,
      0.00416836171449783,
      0.004127240333279284,
      0.0040922119059056666,
      0.0040561640140367675,
      0.004020572435304833,
      0.003986433201741117
    ],
    "epoch_rewards_s1": [
      -0.7066229581832886,
      -0.7312745451927185,
      -0.7058361172676086,
      -0.68194580078125,
      -0.6566495299339294,
      -0.6479169130325317,
      -0.6340800523757935,
      -0.625186562538147,
      -0.6132460832595825,
      -0.607123613357544,
      -0.5966511368751526,
      -0.5957403779029846,
      -0.584487795829773,
      -0.5888113379478455,
      -0.5884371995925903,
      -0.5846033096313477,
      -0.5710853934288025,
      -0.5841436386108398,
      -0.5744067430496216,
      -0.5598959922790527,
      -0.564909040927887,
      -0.5683920383453369,
      -0.5623649954795837,
      -0.5586468577384949,
      -0.5612049102783203,
      -0.5533791184425354,
      -0.5547449588775635,
      -0.5542892813682556,
      -0.5573354363441467,
      -0.5578304529190063,
      -0.5509606003761292,
      -0.5620338916778564,
      -0.5589457750320435,
      -0.5507755279541016,
      -0.5489028096199036,
      -0.551740825176239,
      -0.552001953125,
      -0.5499347448348999,
      -0.556652307510376,
      -0.5619872212409973,
      -0.5536149144172668,
      -0.5525112152099609,
      -0.5603845715522766,
      -0.5544343590736389,
      -0.548087477684021,
      -0.5537571310997009,
      -0.5555765628814697,
      -0.541297435760498,
      -0.5526375770568848,
      -0.5586965680122375
    ],
    "epoch_rewards_s3": [
      -0.7147465348243713,
      -0.7317661643028259,
      -0.6890366077423096,
      -0.6606507897377014,
      -0.6258686184883118,
      -0.607044517993927,
      -0.589349627494812,
      -0.5742174983024597,
      -0.5589768886566162,
      -0.5478991866111755,
      -0.5345987677574158,
      -0.5274379849433899,
      -0.5123767256736755,
      -0.5049216151237488,
      -0.4965266287326813,
      -0.49335363507270813,
      -0.4757049083709717,
      -0.4749976098537445,
      -0.46951910853385925,
      -0.45590975880622864,
      -0.44676175713539124,
      -0.4447711706161499,
      -0.4417724013328552,
      -0.4338430166244507,
      -0.4233698844909668,
      -0.4166352450847626,
      -0.416635125875473,
      -0.41235870122909546,
      -0.4085363745689392,
      -0.4065784811973572,
      -0.4013693034648895,
      -0.3984791040420532,
      -0.400451123714447,
      -0.38708198070526123,
      -0.3832116723060608,
      -0.3824625015258789,
      -0.38207298517227173,
      -0.3725370764732361,
      -0.37739166617393494,
      -0.3761874735355377,
      -0.36731719970703125,
      -0.35654592514038086,
      -0.3601801097393036,
      -0.35568392276763916,
      -0.3543929159641266,
      -0.346160888671875,
      -0.34686508774757385,
      -0.32980525493621826,
      -0.34113427996635437,
      -0.3355468809604645
    ],
    "epoch_rewards_rand": [
      -0.8377363681793213,
      -0.8591556549072266,
      -0.8242123126983643,
      -0.7818916440010071,
      -0.7545164227485657,
      -0.7264240384101868,
      -0.7089603543281555,
      -0.6982864141464233,
      -0.6711016893386841,
      -0.6732351779937744,
      -0.6672476530075073,
      -0.652492880821228,
      -0.65382981300354,
      -0.6389166712760925,
      -0.6400004625320435,
      -0.6311584115028381,
      -0.638433039188385,
      -0.6310817003250122,
      -0.6414827108383179,
      -0.6292269825935364,
      -0.6252049207687378,
      -0.6350290775299072,
      -0.6236165761947632,
      -0.6224467754364014,
      -0.6231588125228882,
      -0.6223903298377991,
      -0.6274865865707397,
      -0.6241213083267212,
      -0.6243968605995178,
      -0.6260141134262085,
      -0.6190580725669861,
      -0.6168199181556702,
      -0.6117473840713501,
      -0.6185947060585022,
      -0.6153791546821594,
      -0.6179327368736267,
      -0.6149335503578186,
      -0.6133099794387817,
      -0.6184834837913513,
      -0.609427809715271,
      -0.6050001978874207,
      -0.612991213798523,
      -0.6197734475135803,
      -0.6084688901901245,
      -0.6138277649879456,
      -0.6114743947982788,
      -0.6116310954093933,
      -0.6041971445083618,
      -0.608884871006012,
      -0.6121797561645508
    ],
    "epoch_mse_s1": [
      0.021539801731705666,
      0.015590597875416279,
      0.012878410518169403,
      0.011274858377873898,
      0.010249299928545952,
      0.009398478083312511,
      0.00880592130124569,
      0.00830868910998106,
      0.007935433648526669,
      0.0075884065590798855,
      0.007331108674407005,
      0.007041966076940298,
      0.006866185460239649,
      0.0066032931208610535,
      0.00639912486076355,
      0.006239627953618765,
      0.006162683013826609,
      0.005917813628911972,
      0.00583958625793457,
      0.005801315885037184,
      0.005644732620567083,
      0.005507395137101412,
      0.005436960142105818,
      0.005358596798032522,
      0.005247163586318493,
      0.005203786306083202,
      0.0051099942065775394,
      0.005031490232795477,
      0.0049368045292794704,
      0.004860986955463886,
      0.004830438643693924,
      0.004701714031398296,
      0.0046555963344872,
      0.004639951046556234,
      0.00459172623232007,
      0.004520240239799023,
      0.004464843776077032,
      0.004424013197422028,
      0.004338566679507494,
      0.004262771923094988,
      0.004260029178112745,
      0.004220933187752962,
      0.004137449432164431,
      0.004125978332012892,
      0.004117398988455534,
      0.0040496778674423695,
      0.004002651199698448,
      0.004035907331854105,
      0.003944333177059889,
      0.003880110802128911
    ],