{
  "hyperparameters": {
    "num_train_samples": 12000,
    "encoder_name": "granite-small",
    "target_layers": [
      512,
      64
    ],
    "predictor_layers": [
      512,
      64
    ],
    "normalize_embeddings": true,
    "concat_problem_answer": false,
    "num_epochs": 50,
    "learning_rate": 0.0001,
    "batch_size": 50,
    "device": "cuda",
    "seed": 42
  },
  "encoder_full_name": "ibm-granite/granite-embedding-small-english-r2",
  "timestamp": "20251118_063556",
  "training_logs": {
    "training_losses": [
      0.04073248774899791,
      0.021761961405475934,
      0.016686983538481096,
      0.014087027272519965,
      0.012472991637575129,
      0.011358618030014138,
      0.010536807507742196,
      0.009890403187212845,
      0.009372764092404395,
      0.008945392615472277,
      0.008581733049747223,
      0.008272999746259302,
      0.007998299224224563,
      0.0077589070773683485,
      0.007544639316620305,
      0.007352253639449676,
      0.007180050139625868,
      0.007021361808680618,
      0.006872624075428272,
      0.00674023157140861,
      0.006611461355350912,
      0.006499878972924004,
      0.006393257887490715,
      0.006293854522906864,
      0.006201514766629165,
      0.006112864130409434,
      0.006027628050651402,
      0.005952342230981836,
      0.005881293936787794,
      0.005811508294815818,
      0.005744630688180526,
      0.005682096614812811,
      0.005621713601673643,
      0.005565246175198505,
      0.005515672840798894,
      0.0054633856828634935,
      0.005416821599161873,
      0.0053691378037910905,
      0.005323448024379711,
      0.005282200762303546,
      0.005241189852434521,
      0.0052030190418008715,
      0.005167973513016478,
      0.005129123149284472,
      0.00509417611756362,
      0.0050610756520958,
      0.00502731094796521,
      0.004996007562537367,
      0.004966448932342852,
      0.004936347678691769
    ],
    "epoch_rewards_s1": [
      -0.7994789481163025,
      -0.757390558719635,
      -0.7185192704200745,
      -0.6918414235115051,
      -0.6675228476524353,
      -0.6485610604286194,
      -0.6332601308822632,
      -0.6211084723472595,
      -0.6110042929649353,
      -0.5992293357849121,
      -0.5968760251998901,
      -0.5837884545326233,
      -0.5758522748947144,
      -0.5714781284332275,
      -0.5669729709625244,
      -0.565155029296875,
      -0.5594052672386169,
      -0.5537409782409668,
      -0.5521495938301086,
      -0.5465328693389893,
      -0.5459916591644287,
      -0.5396322011947632,
      -0.5425580739974976,
      -0.5392773151397705,
      -0.5339183807373047,
      -0.5279674530029297,
      -0.5330162048339844,
      -0.5249232649803162,
      -0.5236926674842834,
      -0.5231286883354187,
      -0.5234153866767883,
      -0.5176704525947571,
      -0.5195441842079163,
      -0.5089988112449646,
      -0.5100700259208679,
      -0.5064349174499512,
      -0.5077967643737793,
      -0.5079541802406311,
      -0.5073369145393372,
      -0.5037040710449219,
      -0.5008189082145691,
      -0.5003207325935364,
      -0.501114010810852,
      -0.49279096722602844,
      -0.4927825927734375,
      -0.4922291040420532,
      -0.4952816367149353,
      -0.4877646565437317,
      -0.4891960918903351,
      -0.4954386353492737
    ],
    "epoch_rewards_s3": [
      -0.7975120544433594,
      -0.7531468272209167,
      -0.7059160470962524,
      -0.6750059127807617,
      -0.642964243888855,
      -0.620386004447937,
      -0.6042340993881226,
      -0.5881660580635071,
      -0.5718691349029541,
      -0.560864269733429,
      -0.5504018664360046,
      -0.5383920073509216,
      -0.527199923992157,
      -0.5238840579986572,
      -0.5152417421340942,
      -0.5115864276885986,
      -0.5027561187744141,
      -0.49554792046546936,
      -0.49045416712760925,
      -0.476652055978775,
      -0.4783945679664612,
      -0.4684329032897949,
      -0.46760040521621704,
      -0.4598589539527893,
      -0.4538658559322357,
      -0.4475122094154358,
      -0.4454554617404938,
      -0.43572309613227844,
      -0.4375160038471222,
      -0.4311855137348175,
      -0.42889779806137085,
      -0.4200378358364105,
      -0.4220331609249115,
      -0.4098086357116699,
      -0.40444570779800415,
      -0.3978436589241028,
      -0.39830124378204346,
      -0.39464330673217773,
      -0.3882836699485779,
      -0.38723257184028625,
      -0.3800029754638672,
      -0.37903016805648804,
      -0.37226417660713196,
      -0.3660651445388794,
      -0.3620709180831909,
      -0.3593788743019104,
      -0.3568207025527954,
      -0.3551471531391144,
      -0.3525494933128357,
      -0.35700976848602295
    ],
    "epoch_rewards_rand": [
      -0.9300165176391602,
      -0.8622183203697205,
      -0.8125962615013123,
      -0.7774764895439148,
      -0.7513378858566284,
      -0.7233337163925171,
      -0.7066704630851746,
      -0.6911698579788208,
      -0.6763824224472046,
      -0.6638821363449097,
      -0.6486775875091553,
      -0.6397358775138855,
      -0.6310628652572632,
      -0.6245060563087463,
      -0.6146854162216187,
      -0.6069818139076233,
      -0.6058100461959839,
      -0.598348081111908,
      -0.5933294296264648,
      -0.5868285298347473,
      -0.5794197916984558,
      -0.5756726264953613,
      -0.5731146335601807,
      -0.5651253461837769,
      -0.5641525983810425,
      -0.5591717958450317,
      -0.5563987493515015,
      -0.5558251142501831,
      -0.5507266521453857,
      -0.5466286540031433,
      -0.544991135597229,
      -0.5336436629295349,
      -0.533571183681488,
      -0.5336698889732361,
      -0.535980761051178,
      -0.5312153100967407,
      -0.5235220789909363,
      -0.5229944586753845,
      -0.5166491866111755,
      -0.5138861536979675,
      -0.5075986385345459,
      -0.5088473558425903,
      -0.503151535987854,
      -0.5070235133171082,
      -0.5051410794258118,
      -0.5040569305419922,
      -0.5005744099617004,
      -0.49748823046684265,
      -0.49576863646507263,
      -0.4914582073688507
    ],
    "epoch_mse_s1": [
      0.026079783216118813,
      0.01858499087393284,
      0.01523848157376051,
      0.013219788670539856,
      0.011909856460988522,
      0.010949747636914253,
      0.010209769941866398,
      0.009610620327293873,
      0.009115789085626602,
      0.008735441602766514,
      0.008320909924805164,
      0.008082768879830837,
      0.007831945084035397,
      0.007580566219985485,
      0.0073614870198071,
      0.0071416315622627735,
      0.006982508115470409,
      0.006840374320745468,
      0.006675376556813717,
      0.006561734713613987,
      0.006413527764379978,
      0.006328396499156952,
      0.006170894950628281,
      0.006076615769416094,
      0.006007310003042221,
      0.005949018057435751,
      0.00580532057210803,
      0.005775732919573784,
      0.005694986321032047,
      0.005613729823380709,
      0.005530262365937233,
      0.005497830454260111,
      0.005409869831055403,
      0.005420039873570204,
      0.005344814155250788,
      0.005307820159941912,
      0.005236520431935787,
      0.005176848266273737,
      0.005125292576849461,
      0.005097617860883474,
      0.00506637804210186,
      0.005020142532885075,
      0.004966882988810539,
      0.004978395067155361,
      0.0049337828531861305,
      0.004894533194601536,
      0.0048324656672775745,
      0.004842802882194519,
      0.004794450476765633,
      0.004715886898338795
    ],